metric,mean,std,min,max,n,missing
boundary.boundary_macro_f1,0.44968283335535886,0.0,0.44968283335535886,0.44968283335535886,1,0
boundary.boundary_tolerance_steps,1.0,0.0,1.0,1.0,1,0
boundary.end_f1,0.41489361702127664,0.0,0.41489361702127664,0.41489361702127664,1,0
boundary.end_fn,0.0,0.0,0.0,0.0,1,0
boundary.end_fp,110.0,0.0,110.0,110.0,1,0
boundary.end_precision,0.26174496644295303,0.0,0.26174496644295303,0.26174496644295303,1,0
boundary.end_recall,1.0,0.0,1.0,1.0,1,0
boundary.end_tp,39.0,0.0,39.0,39.0,1,0
boundary.start_f1,0.484472049689441,0.0,0.484472049689441,0.484472049689441,1,0
boundary.start_fn,0.0,0.0,0.0,0.0,1,0
boundary.start_fp,83.0,0.0,83.0,83.0,1,0
boundary.start_precision,0.319672131147541,0.0,0.319672131147541,0.319672131147541,1,0
boundary.start_recall,1.0,0.0,1.0,1.0,1,0
boundary.start_tp,39.0,0.0,39.0,39.0,1,0
early_detection.early_detection_recall_delay_0_steps,0.6923076923076923,0.0,0.6923076923076923,0.6923076923076923,1,0
early_detection.early_detection_recall_delay_1_steps,0.717948717948718,0.0,0.717948717948718,0.717948717948718,1,0
early_detection.early_detection_recall_delay_2_steps,0.717948717948718,0.0,0.717948717948718,0.717948717948718,1,0
efficiency.inference_seconds,3.3629848989658058,0.0,3.3629848989658058,3.3629848989658058,1,0
efficiency.num_steps,1069.0,0.0,1069.0,1069.0,1,0
efficiency.num_target_steps,645.0,0.0,645.0,645.0,1,0
efficiency.parameter_count,490508.0,0.0,490508.0,490508.0,1,0
efficiency.peak_cuda_memory_bytes,26930176.0,0.0,26930176.0,26930176.0,1,0
efficiency.steps_per_second,317.8723759148433,0.0,317.8723759148433,317.8723759148433,1,0
event.event_ap_iou_0.3,0.2917593311257326,0.0,0.2917593311257326,0.2917593311257326,1,0
event.event_ap_iou_0.5,0.2735114243977384,0.0,0.2735114243977384,0.2735114243977384,1,0
event.event_ap_iou_0.7,0.18866954085969773,0.0,0.18866954085969773,0.18866954085969773,1,0
event.event_f1_iou_0.3,0.8493150684931507,0.0,0.8493150684931507,0.8493150684931507,1,0
event.event_f1_iou_0.5,0.767123287671233,0.0,0.767123287671233,0.767123287671233,1,0
event.event_f1_iou_0.7,0.6575342465753424,0.0,0.6575342465753424,0.6575342465753424,1,0
event.event_fn_iou_0.3,8.0,0.0,8.0,8.0,1,0
event.event_fn_iou_0.5,11.0,0.0,11.0,11.0,1,0
event.event_fn_iou_0.7,15.0,0.0,15.0,15.0,1,0
event.event_fp_iou_0.3,3.0,0.0,3.0,3.0,1,0
event.event_fp_iou_0.5,6.0,0.0,6.0,6.0,1,0
event.event_fp_iou_0.7,10.0,0.0,10.0,10.0,1,0
event.event_map,0.2513134321277229,0.0,0.2513134321277229,0.2513134321277229,1,0
event.event_precision_iou_0.3,0.9117647058823529,0.0,0.9117647058823529,0.9117647058823529,1,0
event.event_precision_iou_0.5,0.8235294117647058,0.0,0.8235294117647058,0.8235294117647058,1,0
event.event_precision_iou_0.7,0.7058823529411765,0.0,0.7058823529411765,0.7058823529411765,1,0
event.event_recall_iou_0.3,0.7948717948717948,0.0,0.7948717948717948,0.7948717948717948,1,0
event.event_recall_iou_0.5,0.717948717948718,0.0,0.717948717948718,0.717948717948718,1,0
event.event_recall_iou_0.7,0.6153846153846154,0.0,0.6153846153846154,0.6153846153846154,1,0
event.event_tp_iou_0.3,31.0,0.0,31.0,31.0,1,0
event.event_tp_iou_0.5,28.0,0.0,28.0,28.0,1,0
event.event_tp_iou_0.7,24.0,0.0,24.0,24.0,1,0
event.mean_detection_delay,0.03571428571428571,0.0,0.03571428571428571,0.03571428571428571,1,0
event.mean_detection_delay_steps,0.03571428571428571,0.0,0.03571428571428571,0.03571428571428571,1,0
event.mean_matched_iou,0.8952380952380953,0.0,0.8952380952380953,0.8952380952380953,1,0
fixed_threshold_0_5_sensitivity.boundary.boundary_macro_f1,0.44968283335535886,0.0,0.44968283335535886,0.44968283335535886,1,0
fixed_threshold_0_5_sensitivity.boundary.boundary_tolerance_steps,1.0,0.0,1.0,1.0,1,0
fixed_threshold_0_5_sensitivity.boundary.end_f1,0.41489361702127664,0.0,0.41489361702127664,0.41489361702127664,1,0
fixed_threshold_0_5_sensitivity.boundary.end_fn,0.0,0.0,0.0,0.0,1,0
fixed_threshold_0_5_sensitivity.boundary.end_fp,110.0,0.0,110.0,110.0,1,0
fixed_threshold_0_5_sensitivity.boundary.end_precision,0.26174496644295303,0.0,0.26174496644295303,0.26174496644295303,1,0
fixed_threshold_0_5_sensitivity.boundary.end_recall,1.0,0.0,1.0,1.0,1,0
fixed_threshold_0_5_sensitivity.boundary.end_tp,39.0,0.0,39.0,39.0,1,0
fixed_threshold_0_5_sensitivity.boundary.start_f1,0.484472049689441,0.0,0.484472049689441,0.484472049689441,1,0
fixed_threshold_0_5_sensitivity.boundary.start_fn,0.0,0.0,0.0,0.0,1,0
fixed_threshold_0_5_sensitivity.boundary.start_fp,83.0,0.0,83.0,83.0,1,0
fixed_threshold_0_5_sensitivity.boundary.start_precision,0.319672131147541,0.0,0.319672131147541,0.319672131147541,1,0
fixed_threshold_0_5_sensitivity.boundary.start_recall,1.0,0.0,1.0,1.0,1,0
fixed_threshold_0_5_sensitivity.boundary.start_tp,39.0,0.0,39.0,39.0,1,0
fixed_threshold_0_5_sensitivity.data.num_dense_event_proposals,645.0,0.0,645.0,645.0,1,0
fixed_threshold_0_5_sensitivity.data.num_evaluated_target_steps,645.0,0.0,645.0,645.0,1,0
fixed_threshold_0_5_sensitivity.data.num_predicted_events,34.0,0.0,34.0,34.0,1,0
fixed_threshold_0_5_sensitivity.data.num_sequences,3.0,0.0,3.0,3.0,1,0
fixed_threshold_0_5_sensitivity.data.num_target_events,39.0,0.0,39.0,39.0,1,0
fixed_threshold_0_5_sensitivity.data.num_unique_steps,1069.0,0.0,1069.0,1069.0,1,0
fixed_threshold_0_5_sensitivity.early_detection.early_detection_recall_delay_0_steps,0.7435897435897436,0.0,0.7435897435897436,0.7435897435897436,1,0
fixed_threshold_0_5_sensitivity.early_detection.early_detection_recall_delay_1_steps,0.7435897435897436,0.0,0.7435897435897436,0.7435897435897436,1,0
fixed_threshold_0_5_sensitivity.early_detection.early_detection_recall_delay_2_steps,0.7435897435897436,0.0,0.7435897435897436,0.7435897435897436,1,0
fixed_threshold_0_5_sensitivity.event.event_ap_iou_0.3,0.2917593311257326,0.0,0.2917593311257326,0.2917593311257326,1,0
fixed_threshold_0_5_sensitivity.event.event_ap_iou_0.5,0.2735114243977384,0.0,0.2735114243977384,0.2735114243977384,1,0
fixed_threshold_0_5_sensitivity.event.event_ap_iou_0.7,0.18866954085969773,0.0,0.18866954085969773,0.18866954085969773,1,0
fixed_threshold_0_5_sensitivity.event.event_f1_iou_0.3,0.8219178082191781,0.0,0.8219178082191781,0.8219178082191781,1,0
fixed_threshold_0_5_sensitivity.event.event_f1_iou_0.5,0.7945205479452054,0.0,0.7945205479452054,0.7945205479452054,1,0
fixed_threshold_0_5_sensitivity.event.event_f1_iou_0.7,0.6027397260273972,0.0,0.6027397260273972,0.6027397260273972,1,0
fixed_threshold_0_5_sensitivity.event.event_fn_iou_0.3,9.0,0.0,9.0,9.0,1,0
fixed_threshold_0_5_sensitivity.event.event_fn_iou_0.5,10.0,0.0,10.0,10.0,1,0
fixed_threshold_0_5_sensitivity.event.event_fn_iou_0.7,17.0,0.0,17.0,17.0,1,0
fixed_threshold_0_5_sensitivity.event.event_fp_iou_0.3,4.0,0.0,4.0,4.0,1,0
fixed_threshold_0_5_sensitivity.event.event_fp_iou_0.5,5.0,0.0,5.0,5.0,1,0
fixed_threshold_0_5_sensitivity.event.event_fp_iou_0.7,12.0,0.0,12.0,12.0,1,0
fixed_threshold_0_5_sensitivity.event.event_map,0.2513134321277229,0.0,0.2513134321277229,0.2513134321277229,1,0
fixed_threshold_0_5_sensitivity.event.event_precision_iou_0.3,0.8823529411764706,0.0,0.8823529411764706,0.8823529411764706,1,0
fixed_threshold_0_5_sensitivity.event.event_precision_iou_0.5,0.8529411764705882,0.0,0.8529411764705882,0.8529411764705882,1,0
fixed_threshold_0_5_sensitivity.event.event_precision_iou_0.7,0.6470588235294118,0.0,0.6470588235294118,0.6470588235294118,1,0
fixed_threshold_0_5_sensitivity.event.event_recall_iou_0.3,0.7692307692307693,0.0,0.7692307692307693,0.7692307692307693,1,0
fixed_threshold_0_5_sensitivity.event.event_recall_iou_0.5,0.7435897435897436,0.0,0.7435897435897436,0.7435897435897436,1,0
fixed_threshold_0_5_sensitivity.event.event_recall_iou_0.7,0.5641025641025641,0.0,0.5641025641025641,0.5641025641025641,1,0
fixed_threshold_0_5_sensitivity.event.event_tp_iou_0.3,30.0,0.0,30.0,30.0,1,0
fixed_threshold_0_5_sensitivity.event.event_tp_iou_0.5,29.0,0.0,29.0,29.0,1,0
fixed_threshold_0_5_sensitivity.event.event_tp_iou_0.7,22.0,0.0,22.0,22.0,1,0
fixed_threshold_0_5_sensitivity.event.mean_detection_delay,0.0,0.0,0.0,0.0,1,0
fixed_threshold_0_5_sensitivity.event.mean_detection_delay_steps,0.0,0.0,0.0,0.0,1,0
fixed_threshold_0_5_sensitivity.event.mean_matched_iou,0.8570607553366174,0.0,0.8570607553366174,0.8570607553366174,1,0
fixed_threshold_0_5_sensitivity.frame.auprc,0.9700024342854815,0.0,0.9700024342854815,0.9700024342854815,1,0
fixed_threshold_0_5_sensitivity.frame.auroc,0.9910427389313846,0.0,0.9910427389313846,0.9910427389313846,1,0
fixed_threshold_0_5_sensitivity.frame.average_precision,0.9701038660687369,0.0,0.9701038660687369,0.9701038660687369,1,0
fixed_threshold_0_5_sensitivity.frame.balanced_accuracy,0.9515810276679841,0.0,0.9515810276679841,0.9515810276679841,1,0
fixed_threshold_0_5_sensitivity.frame.brier_score,0.05444923366164919,0.0,0.05444923366164919,0.05444923366164919,1,0
fixed_threshold_0_5_sensitivity.frame.false_negative,0.0,0.0,0.0,0.0,1,0
fixed_threshold_0_5_sensitivity.frame.false_positive,49.0,0.0,49.0,49.0,1,0
fixed_threshold_0_5_sensitivity.frame.macro_f1,0.8996351234197415,0.0,0.8996351234197415,0.8996351234197415,1,0
fixed_threshold_0_5_sensitivity.frame.negative_log_likelihood,0.1793107647314125,0.0,0.1793107647314125,0.1793107647314125,1,0
fixed_threshold_0_5_sensitivity.frame.num_frames,645.0,0.0,645.0,645.0,1,0
fixed_threshold_0_5_sensitivity.frame.true_negative,457.0,0.0,457.0,457.0,1,0
fixed_threshold_0_5_sensitivity.frame.true_positive,139.0,0.0,139.0,139.0,1,0
fixed_threshold_0_5_sensitivity.latency.mean_detection_delay_seconds,0.8275862068965517,0.0,0.8275862068965517,0.8275862068965517,1,0
fixed_threshold_0_5_sensitivity.protocol.boundary_threshold,0.5,0.0,0.5,0.5,1,0
fixed_threshold_0_5_sensitivity.protocol.boundary_tolerance_steps,1.0,0.0,1.0,1.0,1,0
fixed_threshold_0_5_sensitivity.protocol.frame_threshold,0.5,0.0,0.5,0.5,1,0
fixed_threshold_0_5_sensitivity.protocol.positive_class,0.0,0.0,0.0,0.0,1,0
fixed_threshold_0_5_sensitivity.subject_macro.metrics.boundary_macro_f1.bootstrap_ci95_lower,0.40339966832504154,0.0,0.40339966832504154,0.40339966832504154,1,0
fixed_threshold_0_5_sensitivity.subject_macro.metrics.boundary_macro_f1.bootstrap_ci95_upper,0.8080808080808083,0.0,0.8080808080808083,0.8080808080808083,1,0
fixed_threshold_0_5_sensitivity.subject_macro.metrics.boundary_macro_f1.mean,0.5528464333117539,0.0,0.5528464333117539,0.5528464333117539,1,0
fixed_threshold_0_5_sensitivity.subject_macro.metrics.boundary_macro_f1.missing,0.0,0.0,0.0,0.0,1,0
fixed_threshold_0_5_sensitivity.subject_macro.metrics.boundary_macro_f1.n,3.0,0.0,3.0,3.0,1,0
fixed_threshold_0_5_sensitivity.subject_macro.metrics.boundary_macro_f1.sample_std,0.22211476764524773,0.0,0.22211476764524773,0.22211476764524773,1,0
fixed_threshold_0_5_sensitivity.subject_macro.metrics.event_f1_iou_0.5.bootstrap_ci95_lower,0.7692307692307692,0.0,0.7692307692307692,0.7692307692307692,1,0
fixed_threshold_0_5_sensitivity.subject_macro.metrics.event_f1_iou_0.5.bootstrap_ci95_upper,1.0,0.0,1.0,1.0,1,0
fixed_threshold_0_5_sensitivity.subject_macro.metrics.event_f1_iou_0.5.mean,0.8461538461538461,0.0,0.8461538461538461,0.8461538461538461,1,0
fixed_threshold_0_5_sensitivity.subject_macro.metrics.event_f1_iou_0.5.missing,0.0,0.0,0.0,0.0,1,0
fixed_threshold_0_5_sensitivity.subject_macro.metrics.event_f1_iou_0.5.n,3.0,0.0,3.0,3.0,1,0
fixed_threshold_0_5_sensitivity.subject_macro.metrics.event_f1_iou_0.5.sample_std,0.1332346775052983,0.0,0.1332346775052983,0.1332346775052983,1,0
fixed_threshold_0_5_sensitivity.subject_macro.metrics.event_map.bootstrap_ci95_lower,0.2309427737248659,0.0,0.2309427737248659,0.2309427737248659,1,0
fixed_threshold_0_5_sensitivity.subject_macro.metrics.event_map.bootstrap_ci95_upper,0.6928571428571427,0.0,0.6928571428571427,0.6928571428571427,1,0
fixed_threshold_0_5_sensitivity.subject_macro.metrics.event_map.mean,0.4052716194026515,0.0,0.4052716194026515,0.4052716194026515,1,0
fixed_threshold_0_5_sensitivity.subject_macro.metrics.event_map.missing,0.0,0.0,0.0,0.0,1,0
fixed_threshold_0_5_sensitivity.subject_macro.metrics.event_map.n,3.0,0.0,3.0,3.0,1,0
fixed_threshold_0_5_sensitivity.subject_macro.metrics.event_map.sample_std,0.25092135699951834,0.0,0.25092135699951834,0.25092135699951834,1,0
fixed_threshold_0_5_sensitivity.subject_macro.metrics.frame_auroc.bootstrap_ci95_lower,0.9815934065934065,0.0,0.9815934065934065,0.9815934065934065,1,0
fixed_threshold_0_5_sensitivity.subject_macro.metrics.frame_auroc.bootstrap_ci95_upper,1.0,0.0,1.0,1.0,1,0
fixed_threshold_0_5_sensitivity.subject_macro.metrics.frame_auroc.mean,0.9902995106504545,0.0,0.9902995106504545,0.9902995106504545,1,0
fixed_threshold_0_5_sensitivity.subject_macro.metrics.frame_auroc.missing,0.0,0.0,0.0,0.0,1,0
fixed_threshold_0_5_sensitivity.subject_macro.metrics.frame_auroc.n,3.0,0.0,3.0,3.0,1,0
fixed_threshold_0_5_sensitivity.subject_macro.metrics.frame_auroc.sample_std,0.009243498893350072,0.0,0.009243498893350072,0.009243498893350072,1,0
fixed_threshold_0_5_sensitivity.subject_macro.metrics.frame_average_precision.bootstrap_ci95_lower,0.9631501395612689,0.0,0.9631501395612689,0.9631501395612689,1,0
fixed_threshold_0_5_sensitivity.subject_macro.metrics.frame_average_precision.bootstrap_ci95_upper,1.0,0.0,1.0,1.0,1,0
fixed_threshold_0_5_sensitivity.subject_macro.metrics.frame_average_precision.mean,0.976440400287876,0.0,0.976440400287876,0.976440400287876,1,0
fixed_threshold_0_5_sensitivity.subject_macro.metrics.frame_average_precision.missing,0.0,0.0,0.0,0.0,1,0
fixed_threshold_0_5_sensitivity.subject_macro.metrics.frame_average_precision.n,3.0,0.0,3.0,3.0,1,0
fixed_threshold_0_5_sensitivity.subject_macro.metrics.frame_average_precision.sample_std,0.0204590455786207,0.0,0.0204590455786207,0.0204590455786207,1,0
fixed_threshold_0_5_sensitivity.subject_macro.metrics.frame_balanced_accuracy.bootstrap_ci95_lower,0.9,0.0,0.9,0.9,1,0
fixed_threshold_0_5_sensitivity.subject_macro.metrics.frame_balanced_accuracy.bootstrap_ci95_upper,1.0,0.0,1.0,1.0,1,0
fixed_threshold_0_5_sensitivity.subject_macro.metrics.frame_balanced_accuracy.mean,0.9507607192254494,0.0,0.9507607192254494,0.9507607192254494,1,0
fixed_threshold_0_5_sensitivity.subject_macro.metrics.frame_balanced_accuracy.missing,0.0,0.0,0.0,0.0,1,0
fixed_threshold_0_5_sensitivity.subject_macro.metrics.frame_balanced_accuracy.n,3.0,0.0,3.0,3.0,1,0
fixed_threshold_0_5_sensitivity.subject_macro.metrics.frame_balanced_accuracy.sample_std,0.05001735779926709,0.0,0.05001735779926709,0.05001735779926709,1,0
fixed_threshold_0_5_sensitivity.subject_macro.metrics.frame_brier_score.bootstrap_ci95_lower,0.0026259522494647635,0.0,0.0026259522494647635,0.0026259522494647635,1,0
fixed_threshold_0_5_sensitivity.subject_macro.metrics.frame_brier_score.bootstrap_ci95_upper,0.08738791637687916,0.0,0.08738791637687916,0.08738791637687916,1,0
fixed_threshold_0_5_sensitivity.subject_macro.metrics.frame_brier_score.mean,0.04974777275257713,0.0,0.04974777275257713,0.04974777275257713,1,0
fixed_threshold_0_5_sensitivity.subject_macro.metrics.frame_brier_score.missing,0.0,0.0,0.0,0.0,1,0
fixed_threshold_0_5_sensitivity.subject_macro.metrics.frame_brier_score.n,3.0,0.0,3.0,3.0,1,0
fixed_threshold_0_5_sensitivity.subject_macro.metrics.frame_brier_score.sample_std,0.043169135826535796,0.0,0.043169135826535796,0.043169135826535796,1,0
fixed_threshold_0_5_sensitivity.subject_macro.metrics.frame_macro_f1.bootstrap_ci95_lower,0.8502415458937197,0.0,0.8502415458937197,0.8502415458937197,1,0
fixed_threshold_0_5_sensitivity.subject_macro.metrics.frame_macro_f1.bootstrap_ci95_upper,1.0,0.0,1.0,1.0,1,0
fixed_threshold_0_5_sensitivity.subject_macro.metrics.frame_macro_f1.mean,0.9184967033219378,0.0,0.9184967033219378,0.9184967033219378,1,0
fixed_threshold_0_5_sensitivity.subject_macro.metrics.frame_macro_f1.missing,0.0,0.0,0.0,0.0,1,0
fixed_threshold_0_5_sensitivity.subject_macro.metrics.frame_macro_f1.n,3.0,0.0,3.0,3.0,1,0
fixed_threshold_0_5_sensitivity.subject_macro.metrics.frame_macro_f1.sample_std,0.07575310910624829,0.0,0.07575310910624829,0.07575310910624829,1,0
fixed_threshold_0_5_sensitivity.subject_macro.metrics.frame_negative_log_likelihood.bootstrap_ci95_lower,0.04170510923257211,0.0,0.04170510923257211,0.04170510923257211,1,0
fixed_threshold_0_5_sensitivity.subject_macro.metrics.frame_negative_log_likelihood.bootstrap_ci95_upper,0.2643638677029482,0.0,0.2643638677029482,0.2643638677029482,1,0
fixed_threshold_0_5_sensitivity.subject_macro.metrics.frame_negative_log_likelihood.mean,0.1665028136813108,0.0,0.1665028136813108,0.1665028136813108,1,0
fixed_threshold_0_5_sensitivity.subject_macro.metrics.frame_negative_log_likelihood.missing,0.0,0.0,0.0,0.0,1,0
fixed_threshold_0_5_sensitivity.subject_macro.metrics.frame_negative_log_likelihood.n,3.0,0.0,3.0,3.0,1,0
fixed_threshold_0_5_sensitivity.subject_macro.metrics.frame_negative_log_likelihood.sample_std,0.11374716714303792,0.0,0.11374716714303792,0.11374716714303792,1,0
fixed_threshold_0_5_sensitivity.subject_macro.num_subjects,3.0,0.0,3.0,3.0,1,0
frame.auprc,0.9700024342854815,0.0,0.9700024342854815,0.9700024342854815,1,0
frame.auroc,0.9910427389313846,0.0,0.9910427389313846,0.9910427389313846,1,0
frame.average_precision,0.9701038660687369,0.0,0.9701038660687369,0.9701038660687369,1,0
frame.balanced_accuracy,0.9292447464952939,0.0,0.9292447464952939,0.9292447464952939,1,0
frame.brier_score,0.05444923366164919,0.0,0.05444923366164919,0.05444923366164919,1,0
frame.false_negative,15.0,0.0,15.0,15.0,1,0
frame.false_positive,17.0,0.0,17.0,17.0,1,0
frame.macro_f1,0.927015558698727,0.0,0.927015558698727,0.927015558698727,1,0
frame.negative_log_likelihood,0.1793107647314125,0.0,0.1793107647314125,0.1793107647314125,1,0
frame.num_frames,645.0,0.0,645.0,645.0,1,0
frame.true_negative,489.0,0.0,489.0,489.0,1,0
frame.true_positive,124.0,0.0,124.0,124.0,1,0
latency.mean_detection_delay_seconds,0.8928571428571429,0.0,0.8928571428571429,0.8928571428571429,1,0
subject_macro.metrics.boundary_macro_f1.bootstrap_ci95_lower,0.40339966832504154,0.0,0.40339966832504154,0.40339966832504154,1,0
subject_macro.metrics.boundary_macro_f1.bootstrap_ci95_upper,0.8080808080808083,0.0,0.8080808080808083,0.8080808080808083,1,0
subject_macro.metrics.boundary_macro_f1.mean,0.5528464333117539,0.0,0.5528464333117539,0.5528464333117539,1,0
subject_macro.metrics.boundary_macro_f1.missing,0.0,0.0,0.0,0.0,1,0
subject_macro.metrics.boundary_macro_f1.n,3.0,0.0,3.0,3.0,1,0
subject_macro.metrics.boundary_macro_f1.sample_std,0.22211476764524773,0.0,0.22211476764524773,0.22211476764524773,1,0
subject_macro.metrics.event_f1_iou_0.5.bootstrap_ci95_lower,0.717948717948718,0.0,0.717948717948718,0.717948717948718,1,0
subject_macro.metrics.event_f1_iou_0.5.bootstrap_ci95_upper,1.0,0.0,1.0,1.0,1,0
subject_macro.metrics.event_f1_iou_0.5.mean,0.8290598290598291,0.0,0.8290598290598291,0.8290598290598291,1,0
subject_macro.metrics.event_f1_iou_0.5.missing,0.0,0.0,0.0,0.0,1,0
subject_macro.metrics.event_f1_iou_0.5.n,3.0,0.0,3.0,3.0,1,0
subject_macro.metrics.event_f1_iou_0.5.sample_std,0.15024269941236706,0.0,0.15024269941236706,0.15024269941236706,1,0
subject_macro.metrics.event_map.bootstrap_ci95_lower,0.2309427737248659,0.0,0.2309427737248659,0.2309427737248659,1,0
subject_macro.metrics.event_map.bootstrap_ci95_upper,0.6928571428571427,0.0,0.6928571428571427,0.6928571428571427,1,0
subject_macro.metrics.event_map.mean,0.4052716194026515,0.0,0.4052716194026515,0.4052716194026515,1,0
subject_macro.metrics.event_map.missing,0.0,0.0,0.0,0.0,1,0
subject_macro.metrics.event_map.n,3.0,0.0,3.0,3.0,1,0
subject_macro.metrics.event_map.sample_std,0.25092135699951834,0.0,0.25092135699951834,0.25092135699951834,1,0
subject_macro.metrics.frame_auroc.bootstrap_ci95_lower,0.9815934065934065,0.0,0.9815934065934065,0.9815934065934065,1,0
subject_macro.metrics.frame_auroc.bootstrap_ci95_upper,1.0,0.0,1.0,1.0,1,0
subject_macro.metrics.frame_auroc.mean,0.9902995106504545,0.0,0.9902995106504545,0.9902995106504545,1,0
subject_macro.metrics.frame_auroc.missing,0.0,0.0,0.0,0.0,1,0
subject_macro.metrics.frame_auroc.n,3.0,0.0,3.0,3.0,1,0
subject_macro.metrics.frame_auroc.sample_std,0.009243498893350072,0.0,0.009243498893350072,0.009243498893350072,1,0
subject_macro.metrics.frame_average_precision.bootstrap_ci95_lower,0.9631501395612689,0.0,0.9631501395612689,0.9631501395612689,1,0
subject_macro.metrics.frame_average_precision.bootstrap_ci95_upper,1.0,0.0,1.0,1.0,1,0
subject_macro.metrics.frame_average_precision.mean,0.976440400287876,0.0,0.976440400287876,0.976440400287876,1,0
subject_macro.metrics.frame_average_precision.missing,0.0,0.0,0.0,0.0,1,0
subject_macro.metrics.frame_average_precision.n,3.0,0.0,3.0,3.0,1,0
subject_macro.metrics.frame_average_precision.sample_std,0.0204590455786207,0.0,0.0204590455786207,0.0204590455786207,1,0
subject_macro.metrics.frame_balanced_accuracy.bootstrap_ci95_lower,0.9156593406593408,0.0,0.9156593406593408,0.9156593406593408,1,0
subject_macro.metrics.frame_balanced_accuracy.bootstrap_ci95_upper,1.0,0.0,1.0,1.0,1,0
subject_macro.metrics.frame_balanced_accuracy.mean,0.944535619933025,0.0,0.944535619933025,0.944535619933025,1,0
subject_macro.metrics.frame_balanced_accuracy.missing,0.0,0.0,0.0,0.0,1,0
subject_macro.metrics.frame_balanced_accuracy.n,3.0,0.0,3.0,3.0,1,0
subject_macro.metrics.frame_balanced_accuracy.sample_std,0.0480471854779228,0.0,0.0480471854779228,0.0480471854779228,1,0
subject_macro.metrics.frame_brier_score.bootstrap_ci95_lower,0.0026259522494647635,0.0,0.0026259522494647635,0.0026259522494647635,1,0
subject_macro.metrics.frame_brier_score.bootstrap_ci95_upper,0.08738791637687916,0.0,0.08738791637687916,0.08738791637687916,1,0
subject_macro.metrics.frame_brier_score.mean,0.04974777275257713,0.0,0.04974777275257713,0.04974777275257713,1,0
subject_macro.metrics.frame_brier_score.missing,0.0,0.0,0.0,0.0,1,0
subject_macro.metrics.frame_brier_score.n,3.0,0.0,3.0,3.0,1,0
subject_macro.metrics.frame_brier_score.sample_std,0.043169135826535796,0.0,0.043169135826535796,0.043169135826535796,1,0
subject_macro.metrics.frame_macro_f1.bootstrap_ci95_lower,0.9114647082823337,0.0,0.9114647082823337,0.9114647082823337,1,0
subject_macro.metrics.frame_macro_f1.bootstrap_ci95_upper,1.0,0.0,1.0,1.0,1,0
subject_macro.metrics.frame_macro_f1.mean,0.9431374091406894,0.0,0.9431374091406894,0.9431374091406894,1,0
subject_macro.metrics.frame_macro_f1.missing,0.0,0.0,0.0,0.0,1,0
subject_macro.metrics.frame_macro_f1.n,3.0,0.0,3.0,3.0,1,0
subject_macro.metrics.frame_macro_f1.sample_std,0.049351012031955535,0.0,0.049351012031955535,0.049351012031955535,1,0
subject_macro.metrics.frame_negative_log_likelihood.bootstrap_ci95_lower,0.04170510923257211,0.0,0.04170510923257211,0.04170510923257211,1,0
subject_macro.metrics.frame_negative_log_likelihood.bootstrap_ci95_upper,0.2643638677029482,0.0,0.2643638677029482,0.2643638677029482,1,0
subject_macro.metrics.frame_negative_log_likelihood.mean,0.1665028136813108,0.0,0.1665028136813108,0.1665028136813108,1,0
subject_macro.metrics.frame_negative_log_likelihood.missing,0.0,0.0,0.0,0.0,1,0
subject_macro.metrics.frame_negative_log_likelihood.n,3.0,0.0,3.0,3.0,1,0
subject_macro.metrics.frame_negative_log_likelihood.sample_std,0.11374716714303792,0.0,0.11374716714303792,0.11374716714303792,1,0
subject_macro.num_subjects,3.0,0.0,3.0,3.0,1,0
