epoch,train_total,val_total,train_classification,train_boundary,train_offset,train_smooth,val_classification,val_boundary,val_offset,val_smooth,learning_rate,next_learning_rate,epoch_elapsed_seconds,train_elapsed_seconds,val_elapsed_seconds,max_cuda_memory_bytes
1,2.9385210835572444,2.595237970352173,0.6857625014252133,1.2480693050105163,2.009105680867879,0.006821944150189409,0.7260286211967468,1.503880262374878,0.7305942177772522,0.001599232549779117,0.0003,0.0003,176.7478242223151,174.6707109422423,2.051124230027199,88034304
2,2.849255762316964,2.584810256958008,0.6491134580638673,1.2362456258499261,1.9274811526440612,0.007806208083462535,0.7144982218742371,1.504586100578308,0.7313295602798462,0.0030581671744585037,0.0003,0.0003,177.2784226196818,175.55177127523348,1.7033254378475249,88034304
3,2.7942530211776195,2.588651180267334,0.6363160172195146,1.2263417331257251,1.8627614312701755,0.010728444953477292,0.7204856276512146,1.502797245979309,0.730643093585968,0.002335321856662631,0.0003,0.0003,175.0231944178231,173.25422831997275,1.7445562710054219,88034304
4,2.7392329507403903,2.5501718521118164,0.6239207367403339,1.2229601204997362,1.7840999206810286,0.015106852387426177,0.7038766741752625,1.4861605167388916,0.7200542688369751,0.005380786955356598,0.0003,0.0003,174.38437422877178,172.61794487712905,1.742760559078306,88034304
5,2.717438520506175,2.5241951942443848,0.616243073284024,1.2241439996945738,1.753424754121689,0.016954394525406185,0.6836544275283813,1.4750758409500122,0.7305306196212769,0.009983401745557785,0.0003,0.0003,173.14697576174513,171.33606266696006,1.7861471930518746,88034304
6,2.6971494197243393,2.7127530574798584,0.6163548703747567,1.207697326486761,1.7453145483377004,0.021997520308518273,0.8119029402732849,1.53365957736969,0.7340438961982727,0.008428365923464298,0.0003,0.0003,175.98501894483343,174.22704943316057,1.734267445281148,88034304
7,2.653667922874894,2.521336555480957,0.5997330711947547,1.2083243637373953,1.6902202184904704,0.025018273761044398,0.6966774463653564,1.4670844078063965,0.7146131992340088,0.013400456868112087,0.0003,0.0003,174.39031562302262,172.60183187713847,1.7635983829386532,88034304
8,2.6162464401938696,2.4225239753723145,0.5973713592146382,1.177018507863536,1.6826612116260962,0.026297840420297827,0.6585112810134888,1.4070695638656616,0.7130705714225769,0.02040066383779049,0.0003,0.0003,172.3999787089415,170.64600444491953,1.7304713637568057,88034304
9,2.5917038761004054,2.596585273742676,0.5827840179054424,1.1872782473913346,1.6420076741564154,0.03188871998443372,0.737819492816925,1.4929373264312744,0.7309247255325317,0.01831175945699215,0.0003,0.0003,171.64670592313632,169.80649692891166,1.8067616950720549,88034304
10,2.504741550244466,2.404081344604492,0.5504341759163924,1.1473967232788451,1.6124954828710267,0.033145590153795604,0.6475180983543396,1.4030357599258423,0.7058806419372559,0.02936413511633873,0.0003,0.0003,173.7456706208177,171.96348357899114,1.7588311526924372,88034304
11,2.5119063250645244,2.32511568069458,0.5608740588179743,1.15942998945412,1.581528226233492,0.04190783460878513,0.5952423214912415,1.3735177516937256,0.711632490158081,0.02696574665606022,0.0003,0.0003,171.2554192589596,169.47057765815407,1.760167261119932,88034304
12,2.4912772022112453,2.317603588104248,0.5475663164197796,1.156234732029414,1.5733628460403644,0.03973542729561979,0.6105788350105286,1.3569475412368774,0.6988269686698914,0.03318661078810692,0.0003,0.0003,173.4691850868985,171.57429283717647,1.8684228071942925,88034304
13,2.3845832367437056,2.2429745197296143,0.5220207325135818,1.1008290916380257,1.521557646267342,0.047729646088555455,0.5784028172492981,1.3271172046661377,0.6730186343193054,0.04727041721343994,0.0003,0.0003,174.78523938497528,172.98380249319598,1.7770959930494428,88034304
14,2.2994877947400316,2.2547731399536133,0.5087452403674222,1.0442565096673941,1.490901124823575,0.05177414867641272,0.6046931147575378,1.3170912265777588,0.6647621989250183,0.030391262844204903,0.0003,0.0003,176.71546361828223,174.9412823957391,1.7503376160748303,88034304
15,2.255453799860646,2.2871556282043457,0.4983815146666585,1.0308112917524395,1.4503292277304813,0.054819264308069694,0.5667857527732849,1.30657160282135,0.8256184458732605,0.049463484436273575,0.0003,0.0003,173.05474370671436,171.276467630174,1.7545683160424232,88034304
16,2.2424802281940828,2.2085466384887695,0.4867116860067002,1.0104408995671705,1.48838552667035,0.05674311767727362,0.554787278175354,1.3129585981369019,0.6792529821395874,0.05870908498764038,0.0003,0.0003,171.91399788530543,170.1587869557552,1.7307239887304604,88034304
17,2.2095054303756867,2.386679172515869,0.48173366923524874,1.0099472018579643,1.4333471516617622,0.05754929418308717,0.6362096667289734,1.4145921468734741,0.669525146484375,0.05574457347393036,0.0003,0.0003,173.7810755749233,172.0010413560085,1.756467537023127,88034304
18,2.172901968161265,2.394505262374878,0.47561530949491443,0.9844392039483846,1.4232317559195287,0.0615789029756655,0.7091463208198547,1.3097327947616577,0.7491316199302673,0.0530080571770668,0.0003,0.0003,171.60376132233068,169.84832436498255,1.7320671281777322,88034304
19,2.2055750686411906,2.120793104171753,0.4810937876352156,1.013863847656834,1.4186916223379096,0.06358130260563521,0.5481985211372375,1.2219070196151733,0.6993140578269958,0.05152104049921036,0.0003,0.0003,173.54861473105848,171.78537720115855,1.7396909426897764,88034304
20,2.106011425003861,3.2553789615631104,0.45210546398102636,0.9590352121928726,1.3868936915138754,0.07119554900940546,0.9421431422233582,1.9433143138885498,0.7386323809623718,0.0302707701921463,0.0003,0.0003,174.62336370069534,172.87208070326596,1.7273433892987669,88034304
21,2.1625374543546427,1.9182631969451904,0.47497501562942157,0.9735936324366115,1.4250862961917212,0.07128388120444736,0.48201751708984375,1.1206790208816528,0.6288354992866516,0.05744611471891403,0.0003,0.0003,172.94892052188516,171.16807461390272,1.7578806388191879,88034304
22,2.147305009340999,2.073086738586426,0.4582700637554882,1.0040301806998975,1.3673479886669102,0.06653936809361582,0.5310922265052795,1.1917455196380615,0.697272777557373,0.08063697814941406,0.0003,0.0003,171.78173920093104,170.0463283378631,1.7113620089367032,88034304
23,2.0221892264906804,1.7797847986221313,0.44014815956053105,0.9092808374852845,1.3427922060393325,0.06820670893942618,0.4369942843914032,1.0430938005447388,0.596616804599762,0.06941618770360947,0.0003,0.0003,172.01922434009612,170.22676921682432,1.7695472408086061,88034304
24,2.098143203993036,1.8934473991394043,0.43617805086001,1.0070573721137461,1.3069632925619983,0.0713072376292801,0.4580771028995514,1.109980583190918,0.6478414535522461,0.0734529197216034,0.0003,0.0003,169.9536027079448,168.21557511296123,1.7145178779028356,88034304
25,2.0197539674212233,1.768336296081543,0.43473566970740907,0.9484720146471654,1.2704383226280862,0.0663565111398283,0.43793681263923645,1.0125504732131958,0.6322028636932373,0.08738303184509277,0.0003,0.0003,170.92509296303615,169.15948479389772,1.741879042237997,88034304
26,1.8883487537804275,1.9740121364593506,0.4012950880810468,0.8489762060908657,1.2732064395841927,0.07371271565683525,0.5303568243980408,1.094502329826355,0.6961824297904968,0.053089894354343414,0.0003,0.0003,172.1729135364294,170.38763178000227,1.7614764808677137,88034304
27,1.821448635573339,1.8842616081237793,0.3760971108620817,0.8210751616555934,1.2458247463359977,0.06819994203073697,0.49223968386650085,1.0781729221343994,0.6255486011505127,0.05373268947005272,0.0003,0.0003,176.38397770514712,174.5716340141371,1.7876232462003827,88034304
28,1.8304207117268534,1.6639283895492554,0.39289543627187457,0.8189187181850124,1.2344520257861176,0.06902730800423094,0.4231168329715729,0.9343388080596924,0.6098477840423584,0.07744251191616058,0.0003,0.0003,173.42448229901493,171.67522183712572,1.7244244702160358,88034304
29,1.6698858132115517,1.5953441858291626,0.332752115798719,0.7379532136173561,1.1955170081269861,0.07109887330355405,0.4019128084182739,0.8953158259391785,0.5927696824073792,0.08653795719146729,0.0003,0.0003,177.84303500503302,176.04250653414056,1.772863867226988,88034304
30,1.8913070776998395,1.6443372964859009,0.39918802686110894,0.8815870146088377,1.2185006162734946,0.06408651674171026,0.42102518677711487,0.9123364090919495,0.6189122200012207,0.07597540318965912,0.0003,0.0003,173.04591655591503,171.28261219197884,1.7397857480682433,88034304
31,1.7823974566929268,2.1227948665618896,0.3763626559891484,0.8174634745034078,1.174439156823086,0.06758778711493983,0.630702793598175,1.1586664915084839,0.6640601754188538,0.06976887583732605,0.0003,0.0003,174.33061803411692,172.43809201195836,1.8677318878471851,88034304
32,1.6803190723212078,1.8349885940551758,0.3534913473207541,0.7614671758122065,1.1278523551394242,0.0717185911442614,0.5009212493896484,1.0742313861846924,0.5160143375396729,0.0914386585354805,0.0003,0.0003,177.37040771683678,175.58555225282907,1.760359037667513,88034304
33,1.6593859380092284,1.6335961818695068,0.3619252921580666,0.73712218416422,1.1180496202650094,0.06568174368544304,0.40261563658714294,0.9158006310462952,0.6275532841682434,0.07016367465257645,0.0003,0.00015,175.2300844117999,173.45187564194202,1.7518783160485327,88034304
34,1.5080060065545218,1.4407925605773926,0.31597163825474606,0.680885981025193,1.0198413176518497,0.06138704549709354,0.37364158034324646,0.8016323447227478,0.5279211401939392,0.07790551334619522,0.00015,0.00015,175.36206071218476,173.54497994389385,1.7924450114369392,88034304
35,1.3476310853253712,1.3984655141830444,0.27435160526121505,0.5986911390503549,0.9468660981140353,0.057764702303701954,0.36087536811828613,0.8005507588386536,0.4721328020095825,0.04865728318691254,0.00015,0.00015,174.5777815557085,172.8094845158048,1.7422417211346328,88034304
36,1.3113233905398485,1.398956060409546,0.2712667640863043,0.5909474321612807,0.8959277777020076,0.05726502894546197,0.36942148208618164,0.8045203685760498,0.44679513573646545,0.08082833141088486,0.00015,0.00015,174.4171843091026,172.602905230131,1.79040399286896,88034304
37,1.3003664511171253,1.4429363012313843,0.265134457724564,0.578278718323381,0.9116159235644672,0.05726577655054779,0.38529089093208313,0.813044011592865,0.48713159561157227,0.05177721008658409,0.00015,0.00015,176.76439621904865,174.94827221008018,1.789750711992383,88034304
38,1.2394741518479404,1.2875815629959106,0.256874646351795,0.5437833329432202,0.875363920721216,0.05671022697869274,0.3239588737487793,0.7336803674697876,0.45687076449394226,0.07534537464380264,0.00015,0.00015,177.37803681613877,175.59649515198544,1.7552246311679482,88034304
39,1.2418324924027078,1.5560007095336914,0.2554201609408013,0.56526123483035,0.8400732217488265,0.055724329897790505,0.4320068061351776,0.88787442445755,0.4685538113117218,0.09213144332170486,0.00015,0.00015,174.9813543688506,173.20972781069577,1.7468777727335691,88034304
40,1.1957947682551664,1.4134958982467651,0.2472431646151976,0.5346142495112174,0.825713218914138,0.05403714466515477,0.36329424381256104,0.8216570615768433,0.45384109020233154,0.08119761943817139,0.00015,0.00015,175.9063290162012,174.03581577911973,1.845596008002758,88034304
41,1.2137942673130468,1.1891669034957886,0.2532230136219901,0.5436930033481784,0.8315399647925539,0.055413624446961386,0.309144526720047,0.6615315079689026,0.4346369802951813,0.058613862842321396,0.00015,0.00015,175.98187456605956,174.23192470194772,1.7259661662392318,88034304
42,1.2367397824471646,1.1577595472335815,0.26021870647114936,0.5865989637542328,0.7777192755931556,0.05312429240733065,0.30939024686813354,0.6301407217979431,0.4343934953212738,0.051592111587524414,0.00015,0.00015,175.54426742903888,173.79008239600807,1.7297412776388228,88034304
43,1.1395443429549534,1.1415408849716187,0.23510924967551472,0.5027470585673747,0.801278703610855,0.052434612604121515,0.29715442657470703,0.6325159072875977,0.4211326241493225,0.06521101295948029,0.00015,0.00015,178.8708648928441,177.0734924580902,1.7725599221885204,88034304
44,1.1393224529997268,1.0933096408843994,0.2416570031206415,0.5196059780087171,0.7539224669036239,0.05491181313838678,0.28945380449295044,0.6142660975456238,0.37732210755348206,0.04643036797642708,0.00015,0.00015,173.87068998999894,172.09500992204994,1.751190785318613,88034304
45,1.107394803879839,1.1429139375686646,0.23514706314061629,0.5054348027333617,0.7315605548257479,0.05163326125940063,0.3079962134361267,0.6488013863563538,0.36967840790748596,0.06385435909032822,0.00015,0.00015,176.78537531709298,175.01480071200058,1.7464696378447115,88034304
46,1.1512301384349062,1.1520156860351562,0.24855805399140926,0.5079550910811645,0.7873947716346292,0.050979904771072206,0.29150035977363586,0.6623023152351379,0.39423424005508423,0.05479635298252106,0.00015,0.00015,175.2561310841702,173.49636928876862,1.7345770681276917,88034304
47,1.0305918269235679,1.054482102394104,0.21938391387312098,0.45101157248471724,0.7183930233704171,0.04999190341502503,0.27962765097618103,0.6058512330055237,0.335680216550827,0.05815475434064865,0.00015,0.00015,174.6026500328444,172.8149819658138,1.7614251310005784,88034304
48,1.0538355768328966,1.0492243766784668,0.2253218424515893,0.4716739065855779,0.7117569745010273,0.048067010733336586,0.2725019156932831,0.6103836297988892,0.3304770886898041,0.05501365661621094,0.00015,0.00015,174.95720635633916,173.20565741881728,1.726843271870166,88034304
49,1.0316186308710262,1.1513030529022217,0.2268199860071293,0.4472817933796011,0.7130133100630095,0.05051016281570562,0.3282760679721832,0.6460437774658203,0.35198086500167847,0.04963614046573639,0.00015,0.00015,172.59297128301114,170.72526446916163,1.8441392271779478,88034304
50,1.1166077895146427,1.0825767517089844,0.2345780594406104,0.5270849445369095,0.7079154119234193,0.04935393642135567,0.2815707325935364,0.6165850758552551,0.3671409487724304,0.04252031445503235,0.00015,0.00015,173.53038528375328,171.7655551014468,1.739201098214835,88034304
51,1.0558875330319308,1.0075092315673828,0.23218178971096723,0.473694469710351,0.6980116296126836,0.05027259466464095,0.27070361375808716,0.567631185054779,0.33616238832473755,0.054662108421325684,0.00015,0.00015,174.40361744118854,172.64831234933808,1.731693004257977,88034304
52,0.991685953931977,0.9619286060333252,0.22013431475168527,0.43104077161952964,0.6791083665395324,0.04783430665665579,0.2503146231174469,0.5478397607803345,0.3254128396511078,0.05339047685265541,0.00015,0.00015,175.70337232993916,173.75511106383055,1.921678338199854,88034304
53,0.9329534227197821,1.119310736656189,0.20824713568494777,0.4075433845805813,0.6324138337125381,0.047799476475285534,0.2748705744743347,0.6440857648849487,0.39766520261764526,0.07609015703201294,0.00015,0.00015,175.14649096503854,173.39589540380985,1.7251080558635294,88034304
54,0.9775679341018803,0.9800093173980713,0.2097056864789038,0.4330826579755398,0.667649864153278,0.04773249970325692,0.25555476546287537,0.5505228042602539,0.34587982296943665,0.04959237203001976,0.00015,0.00015,174.77105098357424,172.99904485605657,1.7482768148183823,88034304
55,0.9171242774887518,1.1252449750900269,0.20065015588294377,0.3969898508812273,0.637144611264118,0.04559832204820005,0.2802385985851288,0.653170645236969,0.38184627890586853,0.0456305667757988,0.00015,0.00015,173.92820052802563,172.17818218003958,1.7241376051679254,88034304
56,0.9127857098826254,0.9830239415168762,0.19952365970521263,0.40522259044592657,0.6142788196095463,0.045002380688204384,0.2554938793182373,0.582285463809967,0.28788992762565613,0.06498130410909653,0.00015,7.5e-05,176.73252128716558,174.9526916560717,1.7552829696796834,88034304
57,0.9020759991624139,0.9775074124336243,0.19876127648684713,0.4073944214232868,0.5901345776657414,0.042650526655235825,0.250342458486557,0.56927490234375,0.3132622241973877,0.0629461333155632,7.5e-05,7.5e-05,176.0655470653437,174.31692689610645,1.7253569369204342,88034304
58,0.8547100441323386,0.9580675959587097,0.18981920020899387,0.3762941430416899,0.575402451215801,0.044773802471657596,0.25279897451400757,0.5752958655357361,0.25727546215057373,0.06675165146589279,7.5e-05,7.5e-05,173.02933652885258,171.2346251681447,1.7701345947571099,88034304
59,0.8347558766001403,0.9141098260879517,0.18927046498565964,0.36589439613086105,0.5574718026251466,0.04275586180896922,0.2422270029783249,0.5441880226135254,0.25298598408699036,0.06008908525109291,7.5e-05,7.5e-05,174.268646244891,172.49219407280907,1.7524650292471051,88034304
60,0.8307989397735307,0.935958743095398,0.18641973271815462,0.36352592697096614,0.5599676752274837,0.04347231578683913,0.24432843923568726,0.5620225071907043,0.25665172934532166,0.06409533321857452,7.5e-05,7.5e-05,173.55955222295597,171.8023337298073,1.733087575994432,88034304
61,0.7921906167810614,0.8883545398712158,0.18050681694288445,0.3459622461391105,0.5298516571267762,0.039786111360011304,0.23820067942142487,0.5271456241607666,0.24402904510498047,0.049684956669807434,7.5e-05,7.5e-05,175.15092840511352,173.3798233573325,1.7468337495811284,88034304
62,0.8171652209277105,0.8824104070663452,0.1848186609344651,0.3659649049366984,0.5311719293263976,0.03978465285241566,0.2310846447944641,0.5260644555091858,0.24827919900417328,0.05608609318733215,7.5e-05,7.5e-05,175.0080533530563,173.24600642174482,1.7388156335800886,88034304
63,0.7944627702988759,0.8586273193359375,0.18104766376993872,0.34751051900475616,0.5301971635546046,0.04030056107281284,0.22086943686008453,0.4980609118938446,0.2774244546890259,0.04923542961478233,7.5e-05,7.5e-05,173.99822601815686,172.19125118292868,1.7788701690733433,88034304
64,0.7785221742409648,0.9489251375198364,0.17600624895457065,0.33905457489538204,0.5253409081435,0.03954491959273288,0.2614164352416992,0.5655711889266968,0.241310715675354,0.06410717964172363,7.5e-05,7.5e-05,175.5764768491499,173.8096628631465,1.7421680712141097,88034304
65,0.7852407153507676,0.8509064316749573,0.1805861893326345,0.34301026667658746,0.5216579663618985,0.04076405400598441,0.22585296630859375,0.49891093373298645,0.25017914175987244,0.052647992968559265,7.5e-05,7.5e-05,177.41277391510084,175.65468277409673,1.7334308261051774,88034304
66,0.7704562538802021,0.8468118906021118,0.1760393584692719,0.3267059520191532,0.5338808129155876,0.038526918987197935,0.22461973130702972,0.5002009272575378,0.24177636206150055,0.05515344440937042,7.5e-05,7.5e-05,175.45458743115887,173.65436431206763,1.7744552670046687,88034304
67,0.7803968737522761,0.8136260509490967,0.17912132153757895,0.34331461667986307,0.5143346414910723,0.0396808988774534,0.2126227617263794,0.47979700565338135,0.24034330248832703,0.05173211544752121,7.5e-05,7.5e-05,172.45012188935652,170.70493599306792,1.7205160367302597,88034304
68,0.7786823989767017,0.902188241481781,0.1802180043299391,0.3396039980444869,0.5160615905823017,0.04148001977415389,0.23751913011074066,0.5237525105476379,0.2802426218986511,0.03976517915725708,7.5e-05,7.5e-05,176.08404858782887,174.33108493732288,1.7292685620486736,88034304
69,0.7762129020058748,0.8531301617622375,0.17657333330223055,0.3339051447351313,0.5299546820643085,0.037854171535023726,0.22702036798000336,0.5139615535736084,0.2220401167869568,0.056407809257507324,7.5e-05,7.5e-05,171.7509964639321,169.98924630787224,1.7373027517460287,88034304
70,0.7810132824110262,0.7741926908493042,0.1802626917082252,0.3480245893729399,0.5038094255823943,0.041064378629071696,0.2068358063697815,0.4590718448162079,0.21467728912830353,0.04732006788253784,7.5e-05,7.5e-05,173.2560122841969,171.42202064814046,1.810035235248506,88034304
71,0.7406364309817853,0.7884317636489868,0.1694251854687628,0.32746315209401977,0.4860476587259333,0.03621344489863876,0.21316230297088623,0.46897459030151367,0.21060365438461304,0.04964964836835861,7.5e-05,7.5e-05,176.3715831018053,174.6056992826052,1.7415164839476347,88034304
72,0.7532429602561574,0.812160849571228,0.17720852438548598,0.32640975770761604,0.49770769201491893,0.03854184069981178,0.21718980371952057,0.49213698506355286,0.20323505997657776,0.06082529202103615,7.5e-05,7.5e-05,174.70028753206134,172.893191519659,1.7822320982813835,88034304
73,0.7763412887550364,0.8071008920669556,0.17814792707712965,0.34150347885772153,0.5118168630811264,0.039072586603302775,0.20710988342761993,0.45545506477355957,0.2873176634311676,0.04385840520262718,7.5e-05,7.5e-05,175.05465924693272,172.97442454099655,2.0548436120152473,88034304
74,0.755310751196712,0.7921716570854187,0.18040586722017538,0.3292735936708109,0.4896862426751547,0.0394083927050374,0.21613308787345886,0.45937874913215637,0.23132282495498657,0.04992111027240753,7.5e-05,3.75e-05,174.27271620277315,172.48247159086168,1.7654043640941381,88034304
75,0.7256437552095664,0.7476664781570435,0.16954666707250807,0.31106613133798794,0.4884993151686333,0.039065027182611324,0.20440424978733063,0.4368705153465271,0.21100226044654846,0.04453164339065552,3.75e-05,3.75e-05,174.62061924068257,172.84488599887118,1.7490658299066126,88034304
76,0.6837610276510017,0.7488170266151428,0.16360295627905866,0.2925741666342329,0.45373197222090883,0.03589629402649918,0.19957269728183746,0.4413791298866272,0.21397291123867035,0.04393859580159187,3.75e-05,3.75e-05,176.18202116014436,174.41738151200116,1.7407788028940558,88034304
77,0.6919239037717232,0.7576114535331726,0.16259948013707845,0.30610663569156044,0.4449877499172351,0.03619578127711635,0.20023846626281738,0.45614469051361084,0.2006116360425949,0.04612385109066963,3.75e-05,3.75e-05,176.20879954705015,174.43513679131866,1.7489177221432328,88034304
78,0.6944883612520767,0.7432584762573242,0.1679248981779874,0.30490887972744973,0.44188461823840486,0.03561334423615004,0.19654272496700287,0.4409053921699524,0.20994481444358826,0.04189503192901611,3.75e-05,3.75e-05,175.93602728191763,174.1738756885752,1.7372306259348989,88034304
79,0.6779336299408566,0.7398245930671692,0.16135558294075908,0.2956518733073167,0.4404566548482487,0.03489259726396113,0.19744880497455597,0.44179537892341614,0.1994522660970688,0.0427127331495285,3.75e-05,3.75e-05,176.47627432877198,174.7172367540188,1.7346026487648487,88034304
80,0.6636530341524066,0.7490944862365723,0.16150893699942212,0.2890512388478259,0.42478171398279946,0.03509995090919829,0.19600898027420044,0.44542452692985535,0.21371474862098694,0.040182214230298996,3.75e-05,3.75e-05,173.60920876311138,171.8086306527257,1.7765825670212507,88034304
81,0.6567103175653352,0.7409290671348572,0.1597029302607883,0.2786094311370768,0.43540661578475864,0.034732617721234385,0.19541038572788239,0.4460563659667969,0.19704358279705048,0.047028400003910065,3.75e-05,3.75e-05,174.36680023791268,172.57551890425384,1.7654146826826036,88034304
82,0.6627934044509223,0.7285053133964539,0.15911025817346092,0.2929463571192099,0.4200719597072087,0.03504027317588528,0.19563478231430054,0.4257575571537018,0.2125682830810547,0.04144158959388733,3.75e-05,3.75e-05,175.1843240861781,173.3857500832528,1.769724496640265,88034304
83,0.6540494570226381,0.7193503975868225,0.1602591516995671,0.2838769064786388,0.4184364109415316,0.034759743752974,0.19146087765693665,0.4203495383262634,0.21361099183559418,0.03672350198030472,3.75e-05,3.75e-05,176.18420981196687,174.40224580885842,1.7581424228847027,88034304
84,0.6571902765168084,0.7519168257713318,0.16212685887861733,0.28144675945084674,0.4258473420708506,0.034649517641148785,0.19623520970344543,0.4527234733104706,0.2040066421031952,0.047739896923303604,3.75e-05,3.75e-05,176.1557288840413,173.95149213308468,2.1774936569854617,88034304
85,0.6569844921580469,0.716263473033905,0.1580833683938089,0.2780187646249859,0.44039160369735475,0.03432786461457403,0.1900288462638855,0.423994243144989,0.20294052362442017,0.03850896283984184,3.75e-05,3.75e-05,176.42442954005674,174.37377633806318,2.0260998755693436,88034304
86,0.6523358695434801,0.7069225311279297,0.1564946804534305,0.28178611955919414,0.42675427479829375,0.03389656671729748,0.19150376319885254,0.4154127240180969,0.19837388396263123,0.04095553979277611,3.75e-05,3.75e-05,174.70484869694337,172.920959581621,1.7595097967423499,88034304
87,0.6846473873263658,0.7051022052764893,0.1642474162232394,0.3017565803425951,0.4358985987233205,0.034704714444362454,0.19044242799282074,0.41857239603996277,0.19046422839164734,0.042764775454998016,3.75e-05,3.75e-05,176.21229037921876,174.42107951594517,1.763151583261788,88034304
88,0.6489112405764936,0.7222959399223328,0.15873874535765312,0.2785263963283576,0.4219055640431253,0.03466600949012891,0.19421835243701935,0.4261716306209564,0.20192325115203857,0.04721682518720627,3.75e-05,3.75e-05,175.26514255069196,173.47935620415956,1.761753038968891,88034304
89,0.633233956766851,0.6964648962020874,0.15531013002901367,0.26683603814977097,0.4208134329887201,0.034053503988414176,0.19132396578788757,0.4066554009914398,0.1953027844429016,0.04170413315296173,3.75e-05,3.75e-05,177.69829644821584,175.90050470922142,1.7746360725723207,88034304
90,0.6349056477498527,0.7458500862121582,0.1579632693243147,0.2686173278239269,0.41529865145231737,0.03378615872181877,0.1990748792886734,0.4494156241416931,0.19261252880096436,0.05266717076301575,3.75e-05,3.75e-05,177.2579625789076,175.4991171020083,1.735195243731141,88034304
91,0.6417988898477169,0.7288323044776917,0.1581487852440338,0.2759758990509036,0.4139510755182592,0.034933505312897115,0.1954876184463501,0.4332945644855499,0.19809788465499878,0.05005764216184616,3.75e-05,3.75e-05,174.24738235212862,172.45225036982447,1.7712954957969487,88034304
92,0.6468921459533952,0.6884896159172058,0.15877567419801095,0.2806524656491937,0.4135696804550749,0.03395853987001259,0.19038039445877075,0.40690165758132935,0.1805897206068039,0.045635323971509933,3.75e-05,3.75e-05,174.3158719521016,172.55899659078568,1.7330632987432182,88034304
93,0.6555473588482298,0.673894464969635,0.1567744653709609,0.285367837644034,0.4253947136834301,0.0353849630572391,0.18575051426887512,0.39007768034935,0.19461198151111603,0.03801180049777031,3.75e-05,3.75e-05,174.5863769222051,172.79261608980596,1.769433356821537,88034304
94,0.6164290359375453,0.6835918426513672,0.15145517735168187,0.2615136846278517,0.40555786395638316,0.03406189656357817,0.18781788647174835,0.3962520956993103,0.19731207191944122,0.043291058391332626,3.75e-05,3.75e-05,174.76530160289258,172.98763033514842,1.7511078477837145,88034304
95,0.6207391813096373,0.6766238808631897,0.153894810401129,0.2626877729234173,0.4069979172341074,0.03288197578660053,0.18652433156967163,0.39772555232048035,0.18294458091259003,0.04508725181221962,3.75e-05,3.75e-05,175.47715431079268,173.69593599578366,1.7565402891486883,88034304
96,0.6314349826237168,0.6803004145622253,0.15346515419507267,0.26463039010948963,0.4253406197977995,0.03345649283393427,0.18512624502182007,0.3910064697265625,0.20665661990642548,0.041970621794462204,3.75e-05,3.75e-05,177.09539276221767,175.08155986573547,1.9877702593803406,88034304
97,0.6055770432106172,0.6908308863639832,0.15184408313397205,0.2551724632529923,0.39586809971910725,0.03132239097906888,0.1880130171775818,0.40965014696121216,0.18436414003372192,0.04928385093808174,3.75e-05,1.875e-05,173.21023920783773,171.44045484578237,1.7458060053177178,88034304
98,0.6109301615694557,0.6836714148521423,0.1530855604720236,0.2605851646492168,0.39316258507644325,0.033907333790498664,0.1869807243347168,0.40471935272216797,0.18203389644622803,0.04771825671195984,1.875e-05,1.875e-05,174.04680866701528,172.27498348196968,1.7475495771504939,88034304
99,0.603092921427404,0.6504663825035095,0.14898995302542292,0.2589632412380506,0.38903078523633833,0.031216572946045698,0.18284718692302704,0.3747677803039551,0.18415787816047668,0.03862250968813896,1.875e-05,1.875e-05,175.2449586428702,173.46846298128366,1.7493105460889637,88034304
100,0.6134427248528509,0.6983628273010254,0.15596919875554363,0.26440778755932115,0.384798207628362,0.03333157713517942,0.19063100218772888,0.41755518317222595,0.17828844487667084,0.05162005499005318,1.875e-05,1.875e-05,177.13818036904559,175.15461452910677,1.947767912875861,88034304
