experiment,display_name,trust_scope,seed,status,frame.macro_f1,frame.balanced_accuracy,frame.auroc,boundary.boundary_macro_f1,event.event_f1_iou_0.5,event.event_map,event.mean_detection_delay_steps,latency.mean_detection_delay_seconds,allocated_parameter_count,provenance_sha256
eptnet_continuous_no_text,EPT-Net (no text),trusted,13,complete,0.4329670330,0.5201817229,0.5850078630,0.3386327504,0.1818181818,0.0626068376,0.0000000000,0.1549987793,424396,8faff4fba3e30b55ee892c7f0b7ebcf63d3555b856ab393f1da89744376cfdf6
eptnet_continuous_no_text,EPT-Net (no text),trusted,42,complete,0.3580246914,0.4138563690,0.3748034248,0.2414285714,0.0000000000,0.0000000000,,,424396,8faff4fba3e30b55ee892c7f0b7ebcf63d3555b856ab393f1da89744376cfdf6
eptnet_continuous_no_text,EPT-Net (no text),trusted,73,complete,0.4674859191,0.5677092434,0.5930456055,0.3421185245,0.1000000000,0.0238095238,0.0000000000,0.2099914551,424396,8faff4fba3e30b55ee892c7f0b7ebcf63d3555b856ab393f1da89744376cfdf6
baseline_early_fusion_gru_continuous_no_text,Early-fusion GRU (no text),trusted,13,complete,0.4805771365,0.5160754849,0.5140660493,0.3131192467,0.3137254902,0.1078537512,0.5000000000,0.4850006104,451206,8faff4fba3e30b55ee892c7f0b7ebcf63d3555b856ab393f1da89744376cfdf6
baseline_early_fusion_gru_continuous_no_text,Early-fusion GRU (no text),trusted,42,complete,0.4910592608,0.5064651407,0.5193080552,0.3095750247,0.2127659574,0.0770370370,0.2000000000,0.1719970703,451206,8faff4fba3e30b55ee892c7f0b7ebcf63d3555b856ab393f1da89744376cfdf6
baseline_early_fusion_gru_continuous_no_text,Early-fusion GRU (no text),trusted,73,complete,0.5572374645,0.5845710292,0.5916477372,0.3629294756,0.2553191489,0.0683224401,0.5000000000,0.3533274333,451206,8faff4fba3e30b55ee892c7f0b7ebcf63d3555b856ab393f1da89744376cfdf6
baseline_fusion_transformer_continuous_no_text,Fusion Transformer (no text),trusted,13,complete,0.5640309058,0.6030054167,0.6339332518,0.4702039996,0.3448275862,0.1445060230,0.2000000000,0.3660034180,415718,8faff4fba3e30b55ee892c7f0b7ebcf63d3555b856ab393f1da89744376cfdf6
baseline_fusion_transformer_continuous_no_text,Fusion Transformer (no text),trusted,42,complete,0.5127404241,0.5418486808,0.5462170190,0.3895424837,0.1224489796,0.0136165577,0.3333333333,0.4266662598,415718,8faff4fba3e30b55ee892c7f0b7ebcf63d3555b856ab393f1da89744376cfdf6
baseline_fusion_transformer_continuous_no_text,Fusion Transformer (no text),trusted,73,complete,0.5478640736,0.5546915953,0.5804647912,0.3665315576,0.2539682540,0.1013374643,0.5000000000,0.5574989319,415718,8faff4fba3e30b55ee892c7f0b7ebcf63d3555b856ab393f1da89744376cfdf6
ablation_no_persistent_continuous_no_text,EPT-Net w/o recurrent fusion update (no text),trusted_ablation,13,complete,0.4506121080,0.4541324480,0.4523851127,0.3762545620,0.1639344262,0.0464005476,0.2000000000,0.3119995117,424396,8faff4fba3e30b55ee892c7f0b7ebcf63d3555b856ab393f1da89744376cfdf6
ablation_no_persistent_continuous_no_text,EPT-Net w/o recurrent fusion update (no text),trusted_ablation,42,complete,0.4541730671,0.5540800280,0.6154114975,0.2686868687,0.1666666667,0.0426984127,0.5000000000,0.2900009155,424396,8faff4fba3e30b55ee892c7f0b7ebcf63d3555b856ab393f1da89744376cfdf6
ablation_no_persistent_continuous_no_text,EPT-Net w/o recurrent fusion update (no text),trusted_ablation,73,complete,0.5177139037,0.5919972043,0.6096452909,0.4439124487,0.1600000000,0.0455555556,0.0000000000,0.1700057983,424396,8faff4fba3e30b55ee892c7f0b7ebcf63d3555b856ab393f1da89744376cfdf6
ablation_fixed_reader_continuous_no_text,Fixed reader,single_seed_diagnostic,42,complete,0.3909909910,0.4219814782,0.4191857417,0.2985299031,0.1000000000,0.0291005291,0.0000000000,0.1200103760,424396,8faff4fba3e30b55ee892c7f0b7ebcf63d3555b856ab393f1da89744376cfdf6
ablation_no_behavior_continuous_no_text,No behavior token,single_seed_diagnostic,42,complete,0.3709677419,0.4742268041,0.4095753975,0.2147362385,0.0606060606,0.0222222222,0.0000000000,0.6399841309,424396,8faff4fba3e30b55ee892c7f0b7ebcf63d3555b856ab393f1da89744376cfdf6
ablation_single_scale_continuous_no_text,EEG-time + behavior only,single_seed_diagnostic,42,complete,0.5120879121,0.5156386511,0.5200069893,0.3816104412,0.1509433962,0.0444444444,0.2500000000,0.8150024414,424396,8faff4fba3e30b55ee892c7f0b7ebcf63d3555b856ab393f1da89744376cfdf6
