cohort,role,experiment,display_name,seed,status,evaluation_variant,aggregation_unit,metric,metric_label,value,participant_n,participant_missing,participant_sample_std,participant_bootstrap_ci95_lower,participant_bootstrap_ci95_upper,selected_frame_threshold,allocated_parameters,provenance_sha256,training_config_sha256
bci_subjects_fixed_split,proposed,eptnet_bci_subjects_no_text,EPT-Net,13,missing_or_invalid,selected,participant_macro,subject_frame_macro_f1,Participant-macro frame Macro-F1,,,,,,,,,,
bci_subjects_fixed_split,proposed,eptnet_bci_subjects_no_text,EPT-Net,13,missing_or_invalid,selected,participant_macro,subject_frame_balanced_accuracy,Participant-macro frame Balanced Accuracy,,,,,,,,,,
bci_subjects_fixed_split,proposed,eptnet_bci_subjects_no_text,EPT-Net,13,missing_or_invalid,selected,participant_macro,subject_frame_auroc,Participant-macro frame AUROC,,,,,,,,,,
bci_subjects_fixed_split,proposed,eptnet_bci_subjects_no_text,EPT-Net,13,missing_or_invalid,selected,participant_macro,subject_frame_average_precision,Participant-macro frame AP,,,,,,,,,,
bci_subjects_fixed_split,proposed,eptnet_bci_subjects_no_text,EPT-Net,13,missing_or_invalid,selected,participant_macro,subject_boundary_macro_f1,Participant-macro boundary F1,,,,,,,,,,
bci_subjects_fixed_split,proposed,eptnet_bci_subjects_no_text,EPT-Net,13,missing_or_invalid,selected,participant_macro,subject_event_f1_iou_0_5,Participant-macro event F1@0.5,,,,,,,,,,
bci_subjects_fixed_split,proposed,eptnet_bci_subjects_no_text,EPT-Net,13,missing_or_invalid,selected,participant_macro,subject_event_map,Participant-macro threshold-free event mAP,,,,,,,,,,
bci_subjects_fixed_split,proposed,eptnet_bci_subjects_no_text,EPT-Net,13,missing_or_invalid,selected,pooled_test_steps,pooled_frame_macro_f1,Pooled frame Macro-F1,,,,,,,,,,
bci_subjects_fixed_split,proposed,eptnet_bci_subjects_no_text,EPT-Net,13,missing_or_invalid,selected,pooled_test_steps,pooled_frame_balanced_accuracy,Pooled frame Balanced Accuracy,,,,,,,,,,
bci_subjects_fixed_split,proposed,eptnet_bci_subjects_no_text,EPT-Net,13,missing_or_invalid,selected,pooled_test_steps,pooled_frame_auroc,Pooled frame AUROC,,,,,,,,,,
bci_subjects_fixed_split,proposed,eptnet_bci_subjects_no_text,EPT-Net,13,missing_or_invalid,selected,pooled_test_steps,pooled_frame_average_precision,Pooled frame AP,,,,,,,,,,
bci_subjects_fixed_split,proposed,eptnet_bci_subjects_no_text,EPT-Net,13,missing_or_invalid,selected,pooled_test_steps,pooled_boundary_macro_f1,Pooled boundary F1,,,,,,,,,,
bci_subjects_fixed_split,proposed,eptnet_bci_subjects_no_text,EPT-Net,13,missing_or_invalid,selected,pooled_test_events,pooled_event_f1_iou_0_5,Pooled event F1@0.5,,,,,,,,,,
bci_subjects_fixed_split,proposed,eptnet_bci_subjects_no_text,EPT-Net,13,missing_or_invalid,selected,pooled_test_events,pooled_event_map,Pooled threshold-free event mAP,,,,,,,,,,
bci_subjects_fixed_split,proposed,eptnet_bci_subjects_no_text,EPT-Net,13,missing_or_invalid,selected,matched_events_only,matched_event_delay_steps,Matched-event alert TTD (steps),,,,,,,,,,
bci_subjects_fixed_split,proposed,eptnet_bci_subjects_no_text,EPT-Net,13,missing_or_invalid,selected,matched_events_only,matched_event_delay_seconds,Matched-event alert TTD (seconds),,,,,,,,,,
bci_subjects_fixed_split,proposed,eptnet_bci_subjects_no_text,EPT-Net,13,missing_or_invalid,fixed_0_5,participant_macro,subject_frame_macro_f1,Participant-macro frame Macro-F1,,,,,,,,,,
bci_subjects_fixed_split,proposed,eptnet_bci_subjects_no_text,EPT-Net,13,missing_or_invalid,fixed_0_5,participant_macro,subject_frame_balanced_accuracy,Participant-macro frame Balanced Accuracy,,,,,,,,,,
bci_subjects_fixed_split,proposed,eptnet_bci_subjects_no_text,EPT-Net,13,missing_or_invalid,fixed_0_5,participant_macro,subject_frame_auroc,Participant-macro frame AUROC,,,,,,,,,,
bci_subjects_fixed_split,proposed,eptnet_bci_subjects_no_text,EPT-Net,13,missing_or_invalid,fixed_0_5,participant_macro,subject_frame_average_precision,Participant-macro frame AP,,,,,,,,,,
bci_subjects_fixed_split,proposed,eptnet_bci_subjects_no_text,EPT-Net,13,missing_or_invalid,fixed_0_5,participant_macro,subject_boundary_macro_f1,Participant-macro boundary F1,,,,,,,,,,
bci_subjects_fixed_split,proposed,eptnet_bci_subjects_no_text,EPT-Net,13,missing_or_invalid,fixed_0_5,participant_macro,subject_event_f1_iou_0_5,Participant-macro event F1@0.5,,,,,,,,,,
bci_subjects_fixed_split,proposed,eptnet_bci_subjects_no_text,EPT-Net,13,missing_or_invalid,fixed_0_5,participant_macro,subject_event_map,Participant-macro threshold-free event mAP,,,,,,,,,,
bci_subjects_fixed_split,proposed,eptnet_bci_subjects_no_text,EPT-Net,13,missing_or_invalid,fixed_0_5,pooled_test_steps,pooled_frame_macro_f1,Pooled frame Macro-F1,,,,,,,,,,
bci_subjects_fixed_split,proposed,eptnet_bci_subjects_no_text,EPT-Net,13,missing_or_invalid,fixed_0_5,pooled_test_steps,pooled_frame_balanced_accuracy,Pooled frame Balanced Accuracy,,,,,,,,,,
bci_subjects_fixed_split,proposed,eptnet_bci_subjects_no_text,EPT-Net,13,missing_or_invalid,fixed_0_5,pooled_test_steps,pooled_frame_auroc,Pooled frame AUROC,,,,,,,,,,
bci_subjects_fixed_split,proposed,eptnet_bci_subjects_no_text,EPT-Net,13,missing_or_invalid,fixed_0_5,pooled_test_steps,pooled_frame_average_precision,Pooled frame AP,,,,,,,,,,
bci_subjects_fixed_split,proposed,eptnet_bci_subjects_no_text,EPT-Net,13,missing_or_invalid,fixed_0_5,pooled_test_steps,pooled_boundary_macro_f1,Pooled boundary F1,,,,,,,,,,
bci_subjects_fixed_split,proposed,eptnet_bci_subjects_no_text,EPT-Net,13,missing_or_invalid,fixed_0_5,pooled_test_events,pooled_event_f1_iou_0_5,Pooled event F1@0.5,,,,,,,,,,
bci_subjects_fixed_split,proposed,eptnet_bci_subjects_no_text,EPT-Net,13,missing_or_invalid,fixed_0_5,pooled_test_events,pooled_event_map,Pooled threshold-free event mAP,,,,,,,,,,
bci_subjects_fixed_split,proposed,eptnet_bci_subjects_no_text,EPT-Net,13,missing_or_invalid,fixed_0_5,matched_events_only,matched_event_delay_steps,Matched-event alert TTD (steps),,,,,,,,,,
bci_subjects_fixed_split,proposed,eptnet_bci_subjects_no_text,EPT-Net,13,missing_or_invalid,fixed_0_5,matched_events_only,matched_event_delay_seconds,Matched-event alert TTD (seconds),,,,,,,,,,
bci_subjects_fixed_split,proposed,eptnet_bci_subjects_no_text,EPT-Net,42,missing_or_invalid,selected,participant_macro,subject_frame_macro_f1,Participant-macro frame Macro-F1,,,,,,,,,,
bci_subjects_fixed_split,proposed,eptnet_bci_subjects_no_text,EPT-Net,42,missing_or_invalid,selected,participant_macro,subject_frame_balanced_accuracy,Participant-macro frame Balanced Accuracy,,,,,,,,,,
bci_subjects_fixed_split,proposed,eptnet_bci_subjects_no_text,EPT-Net,42,missing_or_invalid,selected,participant_macro,subject_frame_auroc,Participant-macro frame AUROC,,,,,,,,,,
bci_subjects_fixed_split,proposed,eptnet_bci_subjects_no_text,EPT-Net,42,missing_or_invalid,selected,participant_macro,subject_frame_average_precision,Participant-macro frame AP,,,,,,,,,,
bci_subjects_fixed_split,proposed,eptnet_bci_subjects_no_text,EPT-Net,42,missing_or_invalid,selected,participant_macro,subject_boundary_macro_f1,Participant-macro boundary F1,,,,,,,,,,
bci_subjects_fixed_split,proposed,eptnet_bci_subjects_no_text,EPT-Net,42,missing_or_invalid,selected,participant_macro,subject_event_f1_iou_0_5,Participant-macro event F1@0.5,,,,,,,,,,
bci_subjects_fixed_split,proposed,eptnet_bci_subjects_no_text,EPT-Net,42,missing_or_invalid,selected,participant_macro,subject_event_map,Participant-macro threshold-free event mAP,,,,,,,,,,
bci_subjects_fixed_split,proposed,eptnet_bci_subjects_no_text,EPT-Net,42,missing_or_invalid,selected,pooled_test_steps,pooled_frame_macro_f1,Pooled frame Macro-F1,,,,,,,,,,
bci_subjects_fixed_split,proposed,eptnet_bci_subjects_no_text,EPT-Net,42,missing_or_invalid,selected,pooled_test_steps,pooled_frame_balanced_accuracy,Pooled frame Balanced Accuracy,,,,,,,,,,
bci_subjects_fixed_split,proposed,eptnet_bci_subjects_no_text,EPT-Net,42,missing_or_invalid,selected,pooled_test_steps,pooled_frame_auroc,Pooled frame AUROC,,,,,,,,,,
bci_subjects_fixed_split,proposed,eptnet_bci_subjects_no_text,EPT-Net,42,missing_or_invalid,selected,pooled_test_steps,pooled_frame_average_precision,Pooled frame AP,,,,,,,,,,
bci_subjects_fixed_split,proposed,eptnet_bci_subjects_no_text,EPT-Net,42,missing_or_invalid,selected,pooled_test_steps,pooled_boundary_macro_f1,Pooled boundary F1,,,,,,,,,,
bci_subjects_fixed_split,proposed,eptnet_bci_subjects_no_text,EPT-Net,42,missing_or_invalid,selected,pooled_test_events,pooled_event_f1_iou_0_5,Pooled event F1@0.5,,,,,,,,,,
bci_subjects_fixed_split,proposed,eptnet_bci_subjects_no_text,EPT-Net,42,missing_or_invalid,selected,pooled_test_events,pooled_event_map,Pooled threshold-free event mAP,,,,,,,,,,
bci_subjects_fixed_split,proposed,eptnet_bci_subjects_no_text,EPT-Net,42,missing_or_invalid,selected,matched_events_only,matched_event_delay_steps,Matched-event alert TTD (steps),,,,,,,,,,
bci_subjects_fixed_split,proposed,eptnet_bci_subjects_no_text,EPT-Net,42,missing_or_invalid,selected,matched_events_only,matched_event_delay_seconds,Matched-event alert TTD (seconds),,,,,,,,,,
bci_subjects_fixed_split,proposed,eptnet_bci_subjects_no_text,EPT-Net,42,missing_or_invalid,fixed_0_5,participant_macro,subject_frame_macro_f1,Participant-macro frame Macro-F1,,,,,,,,,,
bci_subjects_fixed_split,proposed,eptnet_bci_subjects_no_text,EPT-Net,42,missing_or_invalid,fixed_0_5,participant_macro,subject_frame_balanced_accuracy,Participant-macro frame Balanced Accuracy,,,,,,,,,,
bci_subjects_fixed_split,proposed,eptnet_bci_subjects_no_text,EPT-Net,42,missing_or_invalid,fixed_0_5,participant_macro,subject_frame_auroc,Participant-macro frame AUROC,,,,,,,,,,
bci_subjects_fixed_split,proposed,eptnet_bci_subjects_no_text,EPT-Net,42,missing_or_invalid,fixed_0_5,participant_macro,subject_frame_average_precision,Participant-macro frame AP,,,,,,,,,,
bci_subjects_fixed_split,proposed,eptnet_bci_subjects_no_text,EPT-Net,42,missing_or_invalid,fixed_0_5,participant_macro,subject_boundary_macro_f1,Participant-macro boundary F1,,,,,,,,,,
bci_subjects_fixed_split,proposed,eptnet_bci_subjects_no_text,EPT-Net,42,missing_or_invalid,fixed_0_5,participant_macro,subject_event_f1_iou_0_5,Participant-macro event F1@0.5,,,,,,,,,,
bci_subjects_fixed_split,proposed,eptnet_bci_subjects_no_text,EPT-Net,42,missing_or_invalid,fixed_0_5,participant_macro,subject_event_map,Participant-macro threshold-free event mAP,,,,,,,,,,
bci_subjects_fixed_split,proposed,eptnet_bci_subjects_no_text,EPT-Net,42,missing_or_invalid,fixed_0_5,pooled_test_steps,pooled_frame_macro_f1,Pooled frame Macro-F1,,,,,,,,,,
bci_subjects_fixed_split,proposed,eptnet_bci_subjects_no_text,EPT-Net,42,missing_or_invalid,fixed_0_5,pooled_test_steps,pooled_frame_balanced_accuracy,Pooled frame Balanced Accuracy,,,,,,,,,,
bci_subjects_fixed_split,proposed,eptnet_bci_subjects_no_text,EPT-Net,42,missing_or_invalid,fixed_0_5,pooled_test_steps,pooled_frame_auroc,Pooled frame AUROC,,,,,,,,,,
bci_subjects_fixed_split,proposed,eptnet_bci_subjects_no_text,EPT-Net,42,missing_or_invalid,fixed_0_5,pooled_test_steps,pooled_frame_average_precision,Pooled frame AP,,,,,,,,,,
bci_subjects_fixed_split,proposed,eptnet_bci_subjects_no_text,EPT-Net,42,missing_or_invalid,fixed_0_5,pooled_test_steps,pooled_boundary_macro_f1,Pooled boundary F1,,,,,,,,,,
bci_subjects_fixed_split,proposed,eptnet_bci_subjects_no_text,EPT-Net,42,missing_or_invalid,fixed_0_5,pooled_test_events,pooled_event_f1_iou_0_5,Pooled event F1@0.5,,,,,,,,,,
bci_subjects_fixed_split,proposed,eptnet_bci_subjects_no_text,EPT-Net,42,missing_or_invalid,fixed_0_5,pooled_test_events,pooled_event_map,Pooled threshold-free event mAP,,,,,,,,,,
bci_subjects_fixed_split,proposed,eptnet_bci_subjects_no_text,EPT-Net,42,missing_or_invalid,fixed_0_5,matched_events_only,matched_event_delay_steps,Matched-event alert TTD (steps),,,,,,,,,,
bci_subjects_fixed_split,proposed,eptnet_bci_subjects_no_text,EPT-Net,42,missing_or_invalid,fixed_0_5,matched_events_only,matched_event_delay_seconds,Matched-event alert TTD (seconds),,,,,,,,,,
bci_subjects_fixed_split,proposed,eptnet_bci_subjects_no_text,EPT-Net,73,missing_or_invalid,selected,participant_macro,subject_frame_macro_f1,Participant-macro frame Macro-F1,,,,,,,,,,
bci_subjects_fixed_split,proposed,eptnet_bci_subjects_no_text,EPT-Net,73,missing_or_invalid,selected,participant_macro,subject_frame_balanced_accuracy,Participant-macro frame Balanced Accuracy,,,,,,,,,,
bci_subjects_fixed_split,proposed,eptnet_bci_subjects_no_text,EPT-Net,73,missing_or_invalid,selected,participant_macro,subject_frame_auroc,Participant-macro frame AUROC,,,,,,,,,,
bci_subjects_fixed_split,proposed,eptnet_bci_subjects_no_text,EPT-Net,73,missing_or_invalid,selected,participant_macro,subject_frame_average_precision,Participant-macro frame AP,,,,,,,,,,
bci_subjects_fixed_split,proposed,eptnet_bci_subjects_no_text,EPT-Net,73,missing_or_invalid,selected,participant_macro,subject_boundary_macro_f1,Participant-macro boundary F1,,,,,,,,,,
bci_subjects_fixed_split,proposed,eptnet_bci_subjects_no_text,EPT-Net,73,missing_or_invalid,selected,participant_macro,subject_event_f1_iou_0_5,Participant-macro event F1@0.5,,,,,,,,,,
bci_subjects_fixed_split,proposed,eptnet_bci_subjects_no_text,EPT-Net,73,missing_or_invalid,selected,participant_macro,subject_event_map,Participant-macro threshold-free event mAP,,,,,,,,,,
bci_subjects_fixed_split,proposed,eptnet_bci_subjects_no_text,EPT-Net,73,missing_or_invalid,selected,pooled_test_steps,pooled_frame_macro_f1,Pooled frame Macro-F1,,,,,,,,,,
bci_subjects_fixed_split,proposed,eptnet_bci_subjects_no_text,EPT-Net,73,missing_or_invalid,selected,pooled_test_steps,pooled_frame_balanced_accuracy,Pooled frame Balanced Accuracy,,,,,,,,,,
bci_subjects_fixed_split,proposed,eptnet_bci_subjects_no_text,EPT-Net,73,missing_or_invalid,selected,pooled_test_steps,pooled_frame_auroc,Pooled frame AUROC,,,,,,,,,,
bci_subjects_fixed_split,proposed,eptnet_bci_subjects_no_text,EPT-Net,73,missing_or_invalid,selected,pooled_test_steps,pooled_frame_average_precision,Pooled frame AP,,,,,,,,,,
bci_subjects_fixed_split,proposed,eptnet_bci_subjects_no_text,EPT-Net,73,missing_or_invalid,selected,pooled_test_steps,pooled_boundary_macro_f1,Pooled boundary F1,,,,,,,,,,
bci_subjects_fixed_split,proposed,eptnet_bci_subjects_no_text,EPT-Net,73,missing_or_invalid,selected,pooled_test_events,pooled_event_f1_iou_0_5,Pooled event F1@0.5,,,,,,,,,,
bci_subjects_fixed_split,proposed,eptnet_bci_subjects_no_text,EPT-Net,73,missing_or_invalid,selected,pooled_test_events,pooled_event_map,Pooled threshold-free event mAP,,,,,,,,,,
bci_subjects_fixed_split,proposed,eptnet_bci_subjects_no_text,EPT-Net,73,missing_or_invalid,selected,matched_events_only,matched_event_delay_steps,Matched-event alert TTD (steps),,,,,,,,,,
bci_subjects_fixed_split,proposed,eptnet_bci_subjects_no_text,EPT-Net,73,missing_or_invalid,selected,matched_events_only,matched_event_delay_seconds,Matched-event alert TTD (seconds),,,,,,,,,,
bci_subjects_fixed_split,proposed,eptnet_bci_subjects_no_text,EPT-Net,73,missing_or_invalid,fixed_0_5,participant_macro,subject_frame_macro_f1,Participant-macro frame Macro-F1,,,,,,,,,,
bci_subjects_fixed_split,proposed,eptnet_bci_subjects_no_text,EPT-Net,73,missing_or_invalid,fixed_0_5,participant_macro,subject_frame_balanced_accuracy,Participant-macro frame Balanced Accuracy,,,,,,,,,,
bci_subjects_fixed_split,proposed,eptnet_bci_subjects_no_text,EPT-Net,73,missing_or_invalid,fixed_0_5,participant_macro,subject_frame_auroc,Participant-macro frame AUROC,,,,,,,,,,
bci_subjects_fixed_split,proposed,eptnet_bci_subjects_no_text,EPT-Net,73,missing_or_invalid,fixed_0_5,participant_macro,subject_frame_average_precision,Participant-macro frame AP,,,,,,,,,,
bci_subjects_fixed_split,proposed,eptnet_bci_subjects_no_text,EPT-Net,73,missing_or_invalid,fixed_0_5,participant_macro,subject_boundary_macro_f1,Participant-macro boundary F1,,,,,,,,,,
bci_subjects_fixed_split,proposed,eptnet_bci_subjects_no_text,EPT-Net,73,missing_or_invalid,fixed_0_5,participant_macro,subject_event_f1_iou_0_5,Participant-macro event F1@0.5,,,,,,,,,,
bci_subjects_fixed_split,proposed,eptnet_bci_subjects_no_text,EPT-Net,73,missing_or_invalid,fixed_0_5,participant_macro,subject_event_map,Participant-macro threshold-free event mAP,,,,,,,,,,
bci_subjects_fixed_split,proposed,eptnet_bci_subjects_no_text,EPT-Net,73,missing_or_invalid,fixed_0_5,pooled_test_steps,pooled_frame_macro_f1,Pooled frame Macro-F1,,,,,,,,,,
bci_subjects_fixed_split,proposed,eptnet_bci_subjects_no_text,EPT-Net,73,missing_or_invalid,fixed_0_5,pooled_test_steps,pooled_frame_balanced_accuracy,Pooled frame Balanced Accuracy,,,,,,,,,,
bci_subjects_fixed_split,proposed,eptnet_bci_subjects_no_text,EPT-Net,73,missing_or_invalid,fixed_0_5,pooled_test_steps,pooled_frame_auroc,Pooled frame AUROC,,,,,,,,,,
bci_subjects_fixed_split,proposed,eptnet_bci_subjects_no_text,EPT-Net,73,missing_or_invalid,fixed_0_5,pooled_test_steps,pooled_frame_average_precision,Pooled frame AP,,,,,,,,,,
bci_subjects_fixed_split,proposed,eptnet_bci_subjects_no_text,EPT-Net,73,missing_or_invalid,fixed_0_5,pooled_test_steps,pooled_boundary_macro_f1,Pooled boundary F1,,,,,,,,,,
bci_subjects_fixed_split,proposed,eptnet_bci_subjects_no_text,EPT-Net,73,missing_or_invalid,fixed_0_5,pooled_test_events,pooled_event_f1_iou_0_5,Pooled event F1@0.5,,,,,,,,,,
bci_subjects_fixed_split,proposed,eptnet_bci_subjects_no_text,EPT-Net,73,missing_or_invalid,fixed_0_5,pooled_test_events,pooled_event_map,Pooled threshold-free event mAP,,,,,,,,,,
bci_subjects_fixed_split,proposed,eptnet_bci_subjects_no_text,EPT-Net,73,missing_or_invalid,fixed_0_5,matched_events_only,matched_event_delay_steps,Matched-event alert TTD (steps),,,,,,,,,,
bci_subjects_fixed_split,proposed,eptnet_bci_subjects_no_text,EPT-Net,73,missing_or_invalid,fixed_0_5,matched_events_only,matched_event_delay_seconds,Matched-event alert TTD (seconds),,,,,,,,,,
bci_subjects_fixed_split,baseline,baseline_early_fusion_gru_bci_subjects_no_text,Early-fusion GRU,13,missing_or_invalid,selected,participant_macro,subject_frame_macro_f1,Participant-macro frame Macro-F1,,,,,,,,,,
bci_subjects_fixed_split,baseline,baseline_early_fusion_gru_bci_subjects_no_text,Early-fusion GRU,13,missing_or_invalid,selected,participant_macro,subject_frame_balanced_accuracy,Participant-macro frame Balanced Accuracy,,,,,,,,,,
bci_subjects_fixed_split,baseline,baseline_early_fusion_gru_bci_subjects_no_text,Early-fusion GRU,13,missing_or_invalid,selected,participant_macro,subject_frame_auroc,Participant-macro frame AUROC,,,,,,,,,,
bci_subjects_fixed_split,baseline,baseline_early_fusion_gru_bci_subjects_no_text,Early-fusion GRU,13,missing_or_invalid,selected,participant_macro,subject_frame_average_precision,Participant-macro frame AP,,,,,,,,,,
bci_subjects_fixed_split,baseline,baseline_early_fusion_gru_bci_subjects_no_text,Early-fusion GRU,13,missing_or_invalid,selected,participant_macro,subject_boundary_macro_f1,Participant-macro boundary F1,,,,,,,,,,
bci_subjects_fixed_split,baseline,baseline_early_fusion_gru_bci_subjects_no_text,Early-fusion GRU,13,missing_or_invalid,selected,participant_macro,subject_event_f1_iou_0_5,Participant-macro event F1@0.5,,,,,,,,,,
bci_subjects_fixed_split,baseline,baseline_early_fusion_gru_bci_subjects_no_text,Early-fusion GRU,13,missing_or_invalid,selected,participant_macro,subject_event_map,Participant-macro threshold-free event mAP,,,,,,,,,,
bci_subjects_fixed_split,baseline,baseline_early_fusion_gru_bci_subjects_no_text,Early-fusion GRU,13,missing_or_invalid,selected,pooled_test_steps,pooled_frame_macro_f1,Pooled frame Macro-F1,,,,,,,,,,
bci_subjects_fixed_split,baseline,baseline_early_fusion_gru_bci_subjects_no_text,Early-fusion GRU,13,missing_or_invalid,selected,pooled_test_steps,pooled_frame_balanced_accuracy,Pooled frame Balanced Accuracy,,,,,,,,,,
bci_subjects_fixed_split,baseline,baseline_early_fusion_gru_bci_subjects_no_text,Early-fusion GRU,13,missing_or_invalid,selected,pooled_test_steps,pooled_frame_auroc,Pooled frame AUROC,,,,,,,,,,
bci_subjects_fixed_split,baseline,baseline_early_fusion_gru_bci_subjects_no_text,Early-fusion GRU,13,missing_or_invalid,selected,pooled_test_steps,pooled_frame_average_precision,Pooled frame AP,,,,,,,,,,
bci_subjects_fixed_split,baseline,baseline_early_fusion_gru_bci_subjects_no_text,Early-fusion GRU,13,missing_or_invalid,selected,pooled_test_steps,pooled_boundary_macro_f1,Pooled boundary F1,,,,,,,,,,
bci_subjects_fixed_split,baseline,baseline_early_fusion_gru_bci_subjects_no_text,Early-fusion GRU,13,missing_or_invalid,selected,pooled_test_events,pooled_event_f1_iou_0_5,Pooled event F1@0.5,,,,,,,,,,
bci_subjects_fixed_split,baseline,baseline_early_fusion_gru_bci_subjects_no_text,Early-fusion GRU,13,missing_or_invalid,selected,pooled_test_events,pooled_event_map,Pooled threshold-free event mAP,,,,,,,,,,
bci_subjects_fixed_split,baseline,baseline_early_fusion_gru_bci_subjects_no_text,Early-fusion GRU,13,missing_or_invalid,selected,matched_events_only,matched_event_delay_steps,Matched-event alert TTD (steps),,,,,,,,,,
bci_subjects_fixed_split,baseline,baseline_early_fusion_gru_bci_subjects_no_text,Early-fusion GRU,13,missing_or_invalid,selected,matched_events_only,matched_event_delay_seconds,Matched-event alert TTD (seconds),,,,,,,,,,
bci_subjects_fixed_split,baseline,baseline_early_fusion_gru_bci_subjects_no_text,Early-fusion GRU,13,missing_or_invalid,fixed_0_5,participant_macro,subject_frame_macro_f1,Participant-macro frame Macro-F1,,,,,,,,,,
bci_subjects_fixed_split,baseline,baseline_early_fusion_gru_bci_subjects_no_text,Early-fusion GRU,13,missing_or_invalid,fixed_0_5,participant_macro,subject_frame_balanced_accuracy,Participant-macro frame Balanced Accuracy,,,,,,,,,,
bci_subjects_fixed_split,baseline,baseline_early_fusion_gru_bci_subjects_no_text,Early-fusion GRU,13,missing_or_invalid,fixed_0_5,participant_macro,subject_frame_auroc,Participant-macro frame AUROC,,,,,,,,,,
bci_subjects_fixed_split,baseline,baseline_early_fusion_gru_bci_subjects_no_text,Early-fusion GRU,13,missing_or_invalid,fixed_0_5,participant_macro,subject_frame_average_precision,Participant-macro frame AP,,,,,,,,,,
bci_subjects_fixed_split,baseline,baseline_early_fusion_gru_bci_subjects_no_text,Early-fusion GRU,13,missing_or_invalid,fixed_0_5,participant_macro,subject_boundary_macro_f1,Participant-macro boundary F1,,,,,,,,,,
bci_subjects_fixed_split,baseline,baseline_early_fusion_gru_bci_subjects_no_text,Early-fusion GRU,13,missing_or_invalid,fixed_0_5,participant_macro,subject_event_f1_iou_0_5,Participant-macro event F1@0.5,,,,,,,,,,
bci_subjects_fixed_split,baseline,baseline_early_fusion_gru_bci_subjects_no_text,Early-fusion GRU,13,missing_or_invalid,fixed_0_5,participant_macro,subject_event_map,Participant-macro threshold-free event mAP,,,,,,,,,,
bci_subjects_fixed_split,baseline,baseline_early_fusion_gru_bci_subjects_no_text,Early-fusion GRU,13,missing_or_invalid,fixed_0_5,pooled_test_steps,pooled_frame_macro_f1,Pooled frame Macro-F1,,,,,,,,,,
bci_subjects_fixed_split,baseline,baseline_early_fusion_gru_bci_subjects_no_text,Early-fusion GRU,13,missing_or_invalid,fixed_0_5,pooled_test_steps,pooled_frame_balanced_accuracy,Pooled frame Balanced Accuracy,,,,,,,,,,
bci_subjects_fixed_split,baseline,baseline_early_fusion_gru_bci_subjects_no_text,Early-fusion GRU,13,missing_or_invalid,fixed_0_5,pooled_test_steps,pooled_frame_auroc,Pooled frame AUROC,,,,,,,,,,
bci_subjects_fixed_split,baseline,baseline_early_fusion_gru_bci_subjects_no_text,Early-fusion GRU,13,missing_or_invalid,fixed_0_5,pooled_test_steps,pooled_frame_average_precision,Pooled frame AP,,,,,,,,,,
bci_subjects_fixed_split,baseline,baseline_early_fusion_gru_bci_subjects_no_text,Early-fusion GRU,13,missing_or_invalid,fixed_0_5,pooled_test_steps,pooled_boundary_macro_f1,Pooled boundary F1,,,,,,,,,,
bci_subjects_fixed_split,baseline,baseline_early_fusion_gru_bci_subjects_no_text,Early-fusion GRU,13,missing_or_invalid,fixed_0_5,pooled_test_events,pooled_event_f1_iou_0_5,Pooled event F1@0.5,,,,,,,,,,
bci_subjects_fixed_split,baseline,baseline_early_fusion_gru_bci_subjects_no_text,Early-fusion GRU,13,missing_or_invalid,fixed_0_5,pooled_test_events,pooled_event_map,Pooled threshold-free event mAP,,,,,,,,,,
bci_subjects_fixed_split,baseline,baseline_early_fusion_gru_bci_subjects_no_text,Early-fusion GRU,13,missing_or_invalid,fixed_0_5,matched_events_only,matched_event_delay_steps,Matched-event alert TTD (steps),,,,,,,,,,
bci_subjects_fixed_split,baseline,baseline_early_fusion_gru_bci_subjects_no_text,Early-fusion GRU,13,missing_or_invalid,fixed_0_5,matched_events_only,matched_event_delay_seconds,Matched-event alert TTD (seconds),,,,,,,,,,
bci_subjects_fixed_split,baseline,baseline_early_fusion_gru_bci_subjects_no_text,Early-fusion GRU,42,missing_or_invalid,selected,participant_macro,subject_frame_macro_f1,Participant-macro frame Macro-F1,,,,,,,,,,
bci_subjects_fixed_split,baseline,baseline_early_fusion_gru_bci_subjects_no_text,Early-fusion GRU,42,missing_or_invalid,selected,participant_macro,subject_frame_balanced_accuracy,Participant-macro frame Balanced Accuracy,,,,,,,,,,
bci_subjects_fixed_split,baseline,baseline_early_fusion_gru_bci_subjects_no_text,Early-fusion GRU,42,missing_or_invalid,selected,participant_macro,subject_frame_auroc,Participant-macro frame AUROC,,,,,,,,,,
bci_subjects_fixed_split,baseline,baseline_early_fusion_gru_bci_subjects_no_text,Early-fusion GRU,42,missing_or_invalid,selected,participant_macro,subject_frame_average_precision,Participant-macro frame AP,,,,,,,,,,
bci_subjects_fixed_split,baseline,baseline_early_fusion_gru_bci_subjects_no_text,Early-fusion GRU,42,missing_or_invalid,selected,participant_macro,subject_boundary_macro_f1,Participant-macro boundary F1,,,,,,,,,,
bci_subjects_fixed_split,baseline,baseline_early_fusion_gru_bci_subjects_no_text,Early-fusion GRU,42,missing_or_invalid,selected,participant_macro,subject_event_f1_iou_0_5,Participant-macro event F1@0.5,,,,,,,,,,
bci_subjects_fixed_split,baseline,baseline_early_fusion_gru_bci_subjects_no_text,Early-fusion GRU,42,missing_or_invalid,selected,participant_macro,subject_event_map,Participant-macro threshold-free event mAP,,,,,,,,,,
bci_subjects_fixed_split,baseline,baseline_early_fusion_gru_bci_subjects_no_text,Early-fusion GRU,42,missing_or_invalid,selected,pooled_test_steps,pooled_frame_macro_f1,Pooled frame Macro-F1,,,,,,,,,,
bci_subjects_fixed_split,baseline,baseline_early_fusion_gru_bci_subjects_no_text,Early-fusion GRU,42,missing_or_invalid,selected,pooled_test_steps,pooled_frame_balanced_accuracy,Pooled frame Balanced Accuracy,,,,,,,,,,
bci_subjects_fixed_split,baseline,baseline_early_fusion_gru_bci_subjects_no_text,Early-fusion GRU,42,missing_or_invalid,selected,pooled_test_steps,pooled_frame_auroc,Pooled frame AUROC,,,,,,,,,,
bci_subjects_fixed_split,baseline,baseline_early_fusion_gru_bci_subjects_no_text,Early-fusion GRU,42,missing_or_invalid,selected,pooled_test_steps,pooled_frame_average_precision,Pooled frame AP,,,,,,,,,,
bci_subjects_fixed_split,baseline,baseline_early_fusion_gru_bci_subjects_no_text,Early-fusion GRU,42,missing_or_invalid,selected,pooled_test_steps,pooled_boundary_macro_f1,Pooled boundary F1,,,,,,,,,,
bci_subjects_fixed_split,baseline,baseline_early_fusion_gru_bci_subjects_no_text,Early-fusion GRU,42,missing_or_invalid,selected,pooled_test_events,pooled_event_f1_iou_0_5,Pooled event F1@0.5,,,,,,,,,,
bci_subjects_fixed_split,baseline,baseline_early_fusion_gru_bci_subjects_no_text,Early-fusion GRU,42,missing_or_invalid,selected,pooled_test_events,pooled_event_map,Pooled threshold-free event mAP,,,,,,,,,,
bci_subjects_fixed_split,baseline,baseline_early_fusion_gru_bci_subjects_no_text,Early-fusion GRU,42,missing_or_invalid,selected,matched_events_only,matched_event_delay_steps,Matched-event alert TTD (steps),,,,,,,,,,
bci_subjects_fixed_split,baseline,baseline_early_fusion_gru_bci_subjects_no_text,Early-fusion GRU,42,missing_or_invalid,selected,matched_events_only,matched_event_delay_seconds,Matched-event alert TTD (seconds),,,,,,,,,,
bci_subjects_fixed_split,baseline,baseline_early_fusion_gru_bci_subjects_no_text,Early-fusion GRU,42,missing_or_invalid,fixed_0_5,participant_macro,subject_frame_macro_f1,Participant-macro frame Macro-F1,,,,,,,,,,
bci_subjects_fixed_split,baseline,baseline_early_fusion_gru_bci_subjects_no_text,Early-fusion GRU,42,missing_or_invalid,fixed_0_5,participant_macro,subject_frame_balanced_accuracy,Participant-macro frame Balanced Accuracy,,,,,,,,,,
bci_subjects_fixed_split,baseline,baseline_early_fusion_gru_bci_subjects_no_text,Early-fusion GRU,42,missing_or_invalid,fixed_0_5,participant_macro,subject_frame_auroc,Participant-macro frame AUROC,,,,,,,,,,
bci_subjects_fixed_split,baseline,baseline_early_fusion_gru_bci_subjects_no_text,Early-fusion GRU,42,missing_or_invalid,fixed_0_5,participant_macro,subject_frame_average_precision,Participant-macro frame AP,,,,,,,,,,
bci_subjects_fixed_split,baseline,baseline_early_fusion_gru_bci_subjects_no_text,Early-fusion GRU,42,missing_or_invalid,fixed_0_5,participant_macro,subject_boundary_macro_f1,Participant-macro boundary F1,,,,,,,,,,
bci_subjects_fixed_split,baseline,baseline_early_fusion_gru_bci_subjects_no_text,Early-fusion GRU,42,missing_or_invalid,fixed_0_5,participant_macro,subject_event_f1_iou_0_5,Participant-macro event F1@0.5,,,,,,,,,,
bci_subjects_fixed_split,baseline,baseline_early_fusion_gru_bci_subjects_no_text,Early-fusion GRU,42,missing_or_invalid,fixed_0_5,participant_macro,subject_event_map,Participant-macro threshold-free event mAP,,,,,,,,,,
bci_subjects_fixed_split,baseline,baseline_early_fusion_gru_bci_subjects_no_text,Early-fusion GRU,42,missing_or_invalid,fixed_0_5,pooled_test_steps,pooled_frame_macro_f1,Pooled frame Macro-F1,,,,,,,,,,
bci_subjects_fixed_split,baseline,baseline_early_fusion_gru_bci_subjects_no_text,Early-fusion GRU,42,missing_or_invalid,fixed_0_5,pooled_test_steps,pooled_frame_balanced_accuracy,Pooled frame Balanced Accuracy,,,,,,,,,,
bci_subjects_fixed_split,baseline,baseline_early_fusion_gru_bci_subjects_no_text,Early-fusion GRU,42,missing_or_invalid,fixed_0_5,pooled_test_steps,pooled_frame_auroc,Pooled frame AUROC,,,,,,,,,,
bci_subjects_fixed_split,baseline,baseline_early_fusion_gru_bci_subjects_no_text,Early-fusion GRU,42,missing_or_invalid,fixed_0_5,pooled_test_steps,pooled_frame_average_precision,Pooled frame AP,,,,,,,,,,
bci_subjects_fixed_split,baseline,baseline_early_fusion_gru_bci_subjects_no_text,Early-fusion GRU,42,missing_or_invalid,fixed_0_5,pooled_test_steps,pooled_boundary_macro_f1,Pooled boundary F1,,,,,,,,,,
bci_subjects_fixed_split,baseline,baseline_early_fusion_gru_bci_subjects_no_text,Early-fusion GRU,42,missing_or_invalid,fixed_0_5,pooled_test_events,pooled_event_f1_iou_0_5,Pooled event F1@0.5,,,,,,,,,,
bci_subjects_fixed_split,baseline,baseline_early_fusion_gru_bci_subjects_no_text,Early-fusion GRU,42,missing_or_invalid,fixed_0_5,pooled_test_events,pooled_event_map,Pooled threshold-free event mAP,,,,,,,,,,
bci_subjects_fixed_split,baseline,baseline_early_fusion_gru_bci_subjects_no_text,Early-fusion GRU,42,missing_or_invalid,fixed_0_5,matched_events_only,matched_event_delay_steps,Matched-event alert TTD (steps),,,,,,,,,,
bci_subjects_fixed_split,baseline,baseline_early_fusion_gru_bci_subjects_no_text,Early-fusion GRU,42,missing_or_invalid,fixed_0_5,matched_events_only,matched_event_delay_seconds,Matched-event alert TTD (seconds),,,,,,,,,,
bci_subjects_fixed_split,baseline,baseline_early_fusion_gru_bci_subjects_no_text,Early-fusion GRU,73,missing_or_invalid,selected,participant_macro,subject_frame_macro_f1,Participant-macro frame Macro-F1,,,,,,,,,,
bci_subjects_fixed_split,baseline,baseline_early_fusion_gru_bci_subjects_no_text,Early-fusion GRU,73,missing_or_invalid,selected,participant_macro,subject_frame_balanced_accuracy,Participant-macro frame Balanced Accuracy,,,,,,,,,,
bci_subjects_fixed_split,baseline,baseline_early_fusion_gru_bci_subjects_no_text,Early-fusion GRU,73,missing_or_invalid,selected,participant_macro,subject_frame_auroc,Participant-macro frame AUROC,,,,,,,,,,
bci_subjects_fixed_split,baseline,baseline_early_fusion_gru_bci_subjects_no_text,Early-fusion GRU,73,missing_or_invalid,selected,participant_macro,subject_frame_average_precision,Participant-macro frame AP,,,,,,,,,,
bci_subjects_fixed_split,baseline,baseline_early_fusion_gru_bci_subjects_no_text,Early-fusion GRU,73,missing_or_invalid,selected,participant_macro,subject_boundary_macro_f1,Participant-macro boundary F1,,,,,,,,,,
bci_subjects_fixed_split,baseline,baseline_early_fusion_gru_bci_subjects_no_text,Early-fusion GRU,73,missing_or_invalid,selected,participant_macro,subject_event_f1_iou_0_5,Participant-macro event F1@0.5,,,,,,,,,,
bci_subjects_fixed_split,baseline,baseline_early_fusion_gru_bci_subjects_no_text,Early-fusion GRU,73,missing_or_invalid,selected,participant_macro,subject_event_map,Participant-macro threshold-free event mAP,,,,,,,,,,
bci_subjects_fixed_split,baseline,baseline_early_fusion_gru_bci_subjects_no_text,Early-fusion GRU,73,missing_or_invalid,selected,pooled_test_steps,pooled_frame_macro_f1,Pooled frame Macro-F1,,,,,,,,,,
bci_subjects_fixed_split,baseline,baseline_early_fusion_gru_bci_subjects_no_text,Early-fusion GRU,73,missing_or_invalid,selected,pooled_test_steps,pooled_frame_balanced_accuracy,Pooled frame Balanced Accuracy,,,,,,,,,,
bci_subjects_fixed_split,baseline,baseline_early_fusion_gru_bci_subjects_no_text,Early-fusion GRU,73,missing_or_invalid,selected,pooled_test_steps,pooled_frame_auroc,Pooled frame AUROC,,,,,,,,,,
bci_subjects_fixed_split,baseline,baseline_early_fusion_gru_bci_subjects_no_text,Early-fusion GRU,73,missing_or_invalid,selected,pooled_test_steps,pooled_frame_average_precision,Pooled frame AP,,,,,,,,,,
bci_subjects_fixed_split,baseline,baseline_early_fusion_gru_bci_subjects_no_text,Early-fusion GRU,73,missing_or_invalid,selected,pooled_test_steps,pooled_boundary_macro_f1,Pooled boundary F1,,,,,,,,,,
bci_subjects_fixed_split,baseline,baseline_early_fusion_gru_bci_subjects_no_text,Early-fusion GRU,73,missing_or_invalid,selected,pooled_test_events,pooled_event_f1_iou_0_5,Pooled event F1@0.5,,,,,,,,,,
bci_subjects_fixed_split,baseline,baseline_early_fusion_gru_bci_subjects_no_text,Early-fusion GRU,73,missing_or_invalid,selected,pooled_test_events,pooled_event_map,Pooled threshold-free event mAP,,,,,,,,,,
bci_subjects_fixed_split,baseline,baseline_early_fusion_gru_bci_subjects_no_text,Early-fusion GRU,73,missing_or_invalid,selected,matched_events_only,matched_event_delay_steps,Matched-event alert TTD (steps),,,,,,,,,,
bci_subjects_fixed_split,baseline,baseline_early_fusion_gru_bci_subjects_no_text,Early-fusion GRU,73,missing_or_invalid,selected,matched_events_only,matched_event_delay_seconds,Matched-event alert TTD (seconds),,,,,,,,,,
bci_subjects_fixed_split,baseline,baseline_early_fusion_gru_bci_subjects_no_text,Early-fusion GRU,73,missing_or_invalid,fixed_0_5,participant_macro,subject_frame_macro_f1,Participant-macro frame Macro-F1,,,,,,,,,,
bci_subjects_fixed_split,baseline,baseline_early_fusion_gru_bci_subjects_no_text,Early-fusion GRU,73,missing_or_invalid,fixed_0_5,participant_macro,subject_frame_balanced_accuracy,Participant-macro frame Balanced Accuracy,,,,,,,,,,
bci_subjects_fixed_split,baseline,baseline_early_fusion_gru_bci_subjects_no_text,Early-fusion GRU,73,missing_or_invalid,fixed_0_5,participant_macro,subject_frame_auroc,Participant-macro frame AUROC,,,,,,,,,,
bci_subjects_fixed_split,baseline,baseline_early_fusion_gru_bci_subjects_no_text,Early-fusion GRU,73,missing_or_invalid,fixed_0_5,participant_macro,subject_frame_average_precision,Participant-macro frame AP,,,,,,,,,,
bci_subjects_fixed_split,baseline,baseline_early_fusion_gru_bci_subjects_no_text,Early-fusion GRU,73,missing_or_invalid,fixed_0_5,participant_macro,subject_boundary_macro_f1,Participant-macro boundary F1,,,,,,,,,,
bci_subjects_fixed_split,baseline,baseline_early_fusion_gru_bci_subjects_no_text,Early-fusion GRU,73,missing_or_invalid,fixed_0_5,participant_macro,subject_event_f1_iou_0_5,Participant-macro event F1@0.5,,,,,,,,,,
bci_subjects_fixed_split,baseline,baseline_early_fusion_gru_bci_subjects_no_text,Early-fusion GRU,73,missing_or_invalid,fixed_0_5,participant_macro,subject_event_map,Participant-macro threshold-free event mAP,,,,,,,,,,
bci_subjects_fixed_split,baseline,baseline_early_fusion_gru_bci_subjects_no_text,Early-fusion GRU,73,missing_or_invalid,fixed_0_5,pooled_test_steps,pooled_frame_macro_f1,Pooled frame Macro-F1,,,,,,,,,,
bci_subjects_fixed_split,baseline,baseline_early_fusion_gru_bci_subjects_no_text,Early-fusion GRU,73,missing_or_invalid,fixed_0_5,pooled_test_steps,pooled_frame_balanced_accuracy,Pooled frame Balanced Accuracy,,,,,,,,,,
bci_subjects_fixed_split,baseline,baseline_early_fusion_gru_bci_subjects_no_text,Early-fusion GRU,73,missing_or_invalid,fixed_0_5,pooled_test_steps,pooled_frame_auroc,Pooled frame AUROC,,,,,,,,,,
bci_subjects_fixed_split,baseline,baseline_early_fusion_gru_bci_subjects_no_text,Early-fusion GRU,73,missing_or_invalid,fixed_0_5,pooled_test_steps,pooled_frame_average_precision,Pooled frame AP,,,,,,,,,,
bci_subjects_fixed_split,baseline,baseline_early_fusion_gru_bci_subjects_no_text,Early-fusion GRU,73,missing_or_invalid,fixed_0_5,pooled_test_steps,pooled_boundary_macro_f1,Pooled boundary F1,,,,,,,,,,
bci_subjects_fixed_split,baseline,baseline_early_fusion_gru_bci_subjects_no_text,Early-fusion GRU,73,missing_or_invalid,fixed_0_5,pooled_test_events,pooled_event_f1_iou_0_5,Pooled event F1@0.5,,,,,,,,,,
bci_subjects_fixed_split,baseline,baseline_early_fusion_gru_bci_subjects_no_text,Early-fusion GRU,73,missing_or_invalid,fixed_0_5,pooled_test_events,pooled_event_map,Pooled threshold-free event mAP,,,,,,,,,,
bci_subjects_fixed_split,baseline,baseline_early_fusion_gru_bci_subjects_no_text,Early-fusion GRU,73,missing_or_invalid,fixed_0_5,matched_events_only,matched_event_delay_steps,Matched-event alert TTD (steps),,,,,,,,,,
bci_subjects_fixed_split,baseline,baseline_early_fusion_gru_bci_subjects_no_text,Early-fusion GRU,73,missing_or_invalid,fixed_0_5,matched_events_only,matched_event_delay_seconds,Matched-event alert TTD (seconds),,,,,,,,,,
bci_subjects_fixed_split,baseline,baseline_fusion_transformer_bci_subjects_no_text,Fusion Transformer,13,missing_or_invalid,selected,participant_macro,subject_frame_macro_f1,Participant-macro frame Macro-F1,,,,,,,,,,
bci_subjects_fixed_split,baseline,baseline_fusion_transformer_bci_subjects_no_text,Fusion Transformer,13,missing_or_invalid,selected,participant_macro,subject_frame_balanced_accuracy,Participant-macro frame Balanced Accuracy,,,,,,,,,,
bci_subjects_fixed_split,baseline,baseline_fusion_transformer_bci_subjects_no_text,Fusion Transformer,13,missing_or_invalid,selected,participant_macro,subject_frame_auroc,Participant-macro frame AUROC,,,,,,,,,,
bci_subjects_fixed_split,baseline,baseline_fusion_transformer_bci_subjects_no_text,Fusion Transformer,13,missing_or_invalid,selected,participant_macro,subject_frame_average_precision,Participant-macro frame AP,,,,,,,,,,
bci_subjects_fixed_split,baseline,baseline_fusion_transformer_bci_subjects_no_text,Fusion Transformer,13,missing_or_invalid,selected,participant_macro,subject_boundary_macro_f1,Participant-macro boundary F1,,,,,,,,,,
bci_subjects_fixed_split,baseline,baseline_fusion_transformer_bci_subjects_no_text,Fusion Transformer,13,missing_or_invalid,selected,participant_macro,subject_event_f1_iou_0_5,Participant-macro event F1@0.5,,,,,,,,,,
bci_subjects_fixed_split,baseline,baseline_fusion_transformer_bci_subjects_no_text,Fusion Transformer,13,missing_or_invalid,selected,participant_macro,subject_event_map,Participant-macro threshold-free event mAP,,,,,,,,,,
bci_subjects_fixed_split,baseline,baseline_fusion_transformer_bci_subjects_no_text,Fusion Transformer,13,missing_or_invalid,selected,pooled_test_steps,pooled_frame_macro_f1,Pooled frame Macro-F1,,,,,,,,,,
bci_subjects_fixed_split,baseline,baseline_fusion_transformer_bci_subjects_no_text,Fusion Transformer,13,missing_or_invalid,selected,pooled_test_steps,pooled_frame_balanced_accuracy,Pooled frame Balanced Accuracy,,,,,,,,,,
bci_subjects_fixed_split,baseline,baseline_fusion_transformer_bci_subjects_no_text,Fusion Transformer,13,missing_or_invalid,selected,pooled_test_steps,pooled_frame_auroc,Pooled frame AUROC,,,,,,,,,,
bci_subjects_fixed_split,baseline,baseline_fusion_transformer_bci_subjects_no_text,Fusion Transformer,13,missing_or_invalid,selected,pooled_test_steps,pooled_frame_average_precision,Pooled frame AP,,,,,,,,,,
bci_subjects_fixed_split,baseline,baseline_fusion_transformer_bci_subjects_no_text,Fusion Transformer,13,missing_or_invalid,selected,pooled_test_steps,pooled_boundary_macro_f1,Pooled boundary F1,,,,,,,,,,
bci_subjects_fixed_split,baseline,baseline_fusion_transformer_bci_subjects_no_text,Fusion Transformer,13,missing_or_invalid,selected,pooled_test_events,pooled_event_f1_iou_0_5,Pooled event F1@0.5,,,,,,,,,,
bci_subjects_fixed_split,baseline,baseline_fusion_transformer_bci_subjects_no_text,Fusion Transformer,13,missing_or_invalid,selected,pooled_test_events,pooled_event_map,Pooled threshold-free event mAP,,,,,,,,,,
bci_subjects_fixed_split,baseline,baseline_fusion_transformer_bci_subjects_no_text,Fusion Transformer,13,missing_or_invalid,selected,matched_events_only,matched_event_delay_steps,Matched-event alert TTD (steps),,,,,,,,,,
bci_subjects_fixed_split,baseline,baseline_fusion_transformer_bci_subjects_no_text,Fusion Transformer,13,missing_or_invalid,selected,matched_events_only,matched_event_delay_seconds,Matched-event alert TTD (seconds),,,,,,,,,,
bci_subjects_fixed_split,baseline,baseline_fusion_transformer_bci_subjects_no_text,Fusion Transformer,13,missing_or_invalid,fixed_0_5,participant_macro,subject_frame_macro_f1,Participant-macro frame Macro-F1,,,,,,,,,,
bci_subjects_fixed_split,baseline,baseline_fusion_transformer_bci_subjects_no_text,Fusion Transformer,13,missing_or_invalid,fixed_0_5,participant_macro,subject_frame_balanced_accuracy,Participant-macro frame Balanced Accuracy,,,,,,,,,,
bci_subjects_fixed_split,baseline,baseline_fusion_transformer_bci_subjects_no_text,Fusion Transformer,13,missing_or_invalid,fixed_0_5,participant_macro,subject_frame_auroc,Participant-macro frame AUROC,,,,,,,,,,
bci_subjects_fixed_split,baseline,baseline_fusion_transformer_bci_subjects_no_text,Fusion Transformer,13,missing_or_invalid,fixed_0_5,participant_macro,subject_frame_average_precision,Participant-macro frame AP,,,,,,,,,,
bci_subjects_fixed_split,baseline,baseline_fusion_transformer_bci_subjects_no_text,Fusion Transformer,13,missing_or_invalid,fixed_0_5,participant_macro,subject_boundary_macro_f1,Participant-macro boundary F1,,,,,,,,,,
bci_subjects_fixed_split,baseline,baseline_fusion_transformer_bci_subjects_no_text,Fusion Transformer,13,missing_or_invalid,fixed_0_5,participant_macro,subject_event_f1_iou_0_5,Participant-macro event F1@0.5,,,,,,,,,,
bci_subjects_fixed_split,baseline,baseline_fusion_transformer_bci_subjects_no_text,Fusion Transformer,13,missing_or_invalid,fixed_0_5,participant_macro,subject_event_map,Participant-macro threshold-free event mAP,,,,,,,,,,
bci_subjects_fixed_split,baseline,baseline_fusion_transformer_bci_subjects_no_text,Fusion Transformer,13,missing_or_invalid,fixed_0_5,pooled_test_steps,pooled_frame_macro_f1,Pooled frame Macro-F1,,,,,,,,,,
bci_subjects_fixed_split,baseline,baseline_fusion_transformer_bci_subjects_no_text,Fusion Transformer,13,missing_or_invalid,fixed_0_5,pooled_test_steps,pooled_frame_balanced_accuracy,Pooled frame Balanced Accuracy,,,,,,,,,,
bci_subjects_fixed_split,baseline,baseline_fusion_transformer_bci_subjects_no_text,Fusion Transformer,13,missing_or_invalid,fixed_0_5,pooled_test_steps,pooled_frame_auroc,Pooled frame AUROC,,,,,,,,,,
bci_subjects_fixed_split,baseline,baseline_fusion_transformer_bci_subjects_no_text,Fusion Transformer,13,missing_or_invalid,fixed_0_5,pooled_test_steps,pooled_frame_average_precision,Pooled frame AP,,,,,,,,,,
bci_subjects_fixed_split,baseline,baseline_fusion_transformer_bci_subjects_no_text,Fusion Transformer,13,missing_or_invalid,fixed_0_5,pooled_test_steps,pooled_boundary_macro_f1,Pooled boundary F1,,,,,,,,,,
bci_subjects_fixed_split,baseline,baseline_fusion_transformer_bci_subjects_no_text,Fusion Transformer,13,missing_or_invalid,fixed_0_5,pooled_test_events,pooled_event_f1_iou_0_5,Pooled event F1@0.5,,,,,,,,,,
bci_subjects_fixed_split,baseline,baseline_fusion_transformer_bci_subjects_no_text,Fusion Transformer,13,missing_or_invalid,fixed_0_5,pooled_test_events,pooled_event_map,Pooled threshold-free event mAP,,,,,,,,,,
bci_subjects_fixed_split,baseline,baseline_fusion_transformer_bci_subjects_no_text,Fusion Transformer,13,missing_or_invalid,fixed_0_5,matched_events_only,matched_event_delay_steps,Matched-event alert TTD (steps),,,,,,,,,,
bci_subjects_fixed_split,baseline,baseline_fusion_transformer_bci_subjects_no_text,Fusion Transformer,13,missing_or_invalid,fixed_0_5,matched_events_only,matched_event_delay_seconds,Matched-event alert TTD (seconds),,,,,,,,,,
bci_subjects_fixed_split,baseline,baseline_fusion_transformer_bci_subjects_no_text,Fusion Transformer,42,missing_or_invalid,selected,participant_macro,subject_frame_macro_f1,Participant-macro frame Macro-F1,,,,,,,,,,
bci_subjects_fixed_split,baseline,baseline_fusion_transformer_bci_subjects_no_text,Fusion Transformer,42,missing_or_invalid,selected,participant_macro,subject_frame_balanced_accuracy,Participant-macro frame Balanced Accuracy,,,,,,,,,,
bci_subjects_fixed_split,baseline,baseline_fusion_transformer_bci_subjects_no_text,Fusion Transformer,42,missing_or_invalid,selected,participant_macro,subject_frame_auroc,Participant-macro frame AUROC,,,,,,,,,,
bci_subjects_fixed_split,baseline,baseline_fusion_transformer_bci_subjects_no_text,Fusion Transformer,42,missing_or_invalid,selected,participant_macro,subject_frame_average_precision,Participant-macro frame AP,,,,,,,,,,
bci_subjects_fixed_split,baseline,baseline_fusion_transformer_bci_subjects_no_text,Fusion Transformer,42,missing_or_invalid,selected,participant_macro,subject_boundary_macro_f1,Participant-macro boundary F1,,,,,,,,,,
bci_subjects_fixed_split,baseline,baseline_fusion_transformer_bci_subjects_no_text,Fusion Transformer,42,missing_or_invalid,selected,participant_macro,subject_event_f1_iou_0_5,Participant-macro event F1@0.5,,,,,,,,,,
bci_subjects_fixed_split,baseline,baseline_fusion_transformer_bci_subjects_no_text,Fusion Transformer,42,missing_or_invalid,selected,participant_macro,subject_event_map,Participant-macro threshold-free event mAP,,,,,,,,,,
bci_subjects_fixed_split,baseline,baseline_fusion_transformer_bci_subjects_no_text,Fusion Transformer,42,missing_or_invalid,selected,pooled_test_steps,pooled_frame_macro_f1,Pooled frame Macro-F1,,,,,,,,,,
bci_subjects_fixed_split,baseline,baseline_fusion_transformer_bci_subjects_no_text,Fusion Transformer,42,missing_or_invalid,selected,pooled_test_steps,pooled_frame_balanced_accuracy,Pooled frame Balanced Accuracy,,,,,,,,,,
bci_subjects_fixed_split,baseline,baseline_fusion_transformer_bci_subjects_no_text,Fusion Transformer,42,missing_or_invalid,selected,pooled_test_steps,pooled_frame_auroc,Pooled frame AUROC,,,,,,,,,,
bci_subjects_fixed_split,baseline,baseline_fusion_transformer_bci_subjects_no_text,Fusion Transformer,42,missing_or_invalid,selected,pooled_test_steps,pooled_frame_average_precision,Pooled frame AP,,,,,,,,,,
bci_subjects_fixed_split,baseline,baseline_fusion_transformer_bci_subjects_no_text,Fusion Transformer,42,missing_or_invalid,selected,pooled_test_steps,pooled_boundary_macro_f1,Pooled boundary F1,,,,,,,,,,
bci_subjects_fixed_split,baseline,baseline_fusion_transformer_bci_subjects_no_text,Fusion Transformer,42,missing_or_invalid,selected,pooled_test_events,pooled_event_f1_iou_0_5,Pooled event F1@0.5,,,,,,,,,,
bci_subjects_fixed_split,baseline,baseline_fusion_transformer_bci_subjects_no_text,Fusion Transformer,42,missing_or_invalid,selected,pooled_test_events,pooled_event_map,Pooled threshold-free event mAP,,,,,,,,,,
bci_subjects_fixed_split,baseline,baseline_fusion_transformer_bci_subjects_no_text,Fusion Transformer,42,missing_or_invalid,selected,matched_events_only,matched_event_delay_steps,Matched-event alert TTD (steps),,,,,,,,,,
bci_subjects_fixed_split,baseline,baseline_fusion_transformer_bci_subjects_no_text,Fusion Transformer,42,missing_or_invalid,selected,matched_events_only,matched_event_delay_seconds,Matched-event alert TTD (seconds),,,,,,,,,,
bci_subjects_fixed_split,baseline,baseline_fusion_transformer_bci_subjects_no_text,Fusion Transformer,42,missing_or_invalid,fixed_0_5,participant_macro,subject_frame_macro_f1,Participant-macro frame Macro-F1,,,,,,,,,,
bci_subjects_fixed_split,baseline,baseline_fusion_transformer_bci_subjects_no_text,Fusion Transformer,42,missing_or_invalid,fixed_0_5,participant_macro,subject_frame_balanced_accuracy,Participant-macro frame Balanced Accuracy,,,,,,,,,,
bci_subjects_fixed_split,baseline,baseline_fusion_transformer_bci_subjects_no_text,Fusion Transformer,42,missing_or_invalid,fixed_0_5,participant_macro,subject_frame_auroc,Participant-macro frame AUROC,,,,,,,,,,
bci_subjects_fixed_split,baseline,baseline_fusion_transformer_bci_subjects_no_text,Fusion Transformer,42,missing_or_invalid,fixed_0_5,participant_macro,subject_frame_average_precision,Participant-macro frame AP,,,,,,,,,,
bci_subjects_fixed_split,baseline,baseline_fusion_transformer_bci_subjects_no_text,Fusion Transformer,42,missing_or_invalid,fixed_0_5,participant_macro,subject_boundary_macro_f1,Participant-macro boundary F1,,,,,,,,,,
bci_subjects_fixed_split,baseline,baseline_fusion_transformer_bci_subjects_no_text,Fusion Transformer,42,missing_or_invalid,fixed_0_5,participant_macro,subject_event_f1_iou_0_5,Participant-macro event F1@0.5,,,,,,,,,,
bci_subjects_fixed_split,baseline,baseline_fusion_transformer_bci_subjects_no_text,Fusion Transformer,42,missing_or_invalid,fixed_0_5,participant_macro,subject_event_map,Participant-macro threshold-free event mAP,,,,,,,,,,
bci_subjects_fixed_split,baseline,baseline_fusion_transformer_bci_subjects_no_text,Fusion Transformer,42,missing_or_invalid,fixed_0_5,pooled_test_steps,pooled_frame_macro_f1,Pooled frame Macro-F1,,,,,,,,,,
bci_subjects_fixed_split,baseline,baseline_fusion_transformer_bci_subjects_no_text,Fusion Transformer,42,missing_or_invalid,fixed_0_5,pooled_test_steps,pooled_frame_balanced_accuracy,Pooled frame Balanced Accuracy,,,,,,,,,,
bci_subjects_fixed_split,baseline,baseline_fusion_transformer_bci_subjects_no_text,Fusion Transformer,42,missing_or_invalid,fixed_0_5,pooled_test_steps,pooled_frame_auroc,Pooled frame AUROC,,,,,,,,,,
bci_subjects_fixed_split,baseline,baseline_fusion_transformer_bci_subjects_no_text,Fusion Transformer,42,missing_or_invalid,fixed_0_5,pooled_test_steps,pooled_frame_average_precision,Pooled frame AP,,,,,,,,,,
bci_subjects_fixed_split,baseline,baseline_fusion_transformer_bci_subjects_no_text,Fusion Transformer,42,missing_or_invalid,fixed_0_5,pooled_test_steps,pooled_boundary_macro_f1,Pooled boundary F1,,,,,,,,,,
bci_subjects_fixed_split,baseline,baseline_fusion_transformer_bci_subjects_no_text,Fusion Transformer,42,missing_or_invalid,fixed_0_5,pooled_test_events,pooled_event_f1_iou_0_5,Pooled event F1@0.5,,,,,,,,,,
bci_subjects_fixed_split,baseline,baseline_fusion_transformer_bci_subjects_no_text,Fusion Transformer,42,missing_or_invalid,fixed_0_5,pooled_test_events,pooled_event_map,Pooled threshold-free event mAP,,,,,,,,,,
bci_subjects_fixed_split,baseline,baseline_fusion_transformer_bci_subjects_no_text,Fusion Transformer,42,missing_or_invalid,fixed_0_5,matched_events_only,matched_event_delay_steps,Matched-event alert TTD (steps),,,,,,,,,,
bci_subjects_fixed_split,baseline,baseline_fusion_transformer_bci_subjects_no_text,Fusion Transformer,42,missing_or_invalid,fixed_0_5,matched_events_only,matched_event_delay_seconds,Matched-event alert TTD (seconds),,,,,,,,,,
bci_subjects_fixed_split,baseline,baseline_fusion_transformer_bci_subjects_no_text,Fusion Transformer,73,missing_or_invalid,selected,participant_macro,subject_frame_macro_f1,Participant-macro frame Macro-F1,,,,,,,,,,
bci_subjects_fixed_split,baseline,baseline_fusion_transformer_bci_subjects_no_text,Fusion Transformer,73,missing_or_invalid,selected,participant_macro,subject_frame_balanced_accuracy,Participant-macro frame Balanced Accuracy,,,,,,,,,,
bci_subjects_fixed_split,baseline,baseline_fusion_transformer_bci_subjects_no_text,Fusion Transformer,73,missing_or_invalid,selected,participant_macro,subject_frame_auroc,Participant-macro frame AUROC,,,,,,,,,,
bci_subjects_fixed_split,baseline,baseline_fusion_transformer_bci_subjects_no_text,Fusion Transformer,73,missing_or_invalid,selected,participant_macro,subject_frame_average_precision,Participant-macro frame AP,,,,,,,,,,
bci_subjects_fixed_split,baseline,baseline_fusion_transformer_bci_subjects_no_text,Fusion Transformer,73,missing_or_invalid,selected,participant_macro,subject_boundary_macro_f1,Participant-macro boundary F1,,,,,,,,,,
bci_subjects_fixed_split,baseline,baseline_fusion_transformer_bci_subjects_no_text,Fusion Transformer,73,missing_or_invalid,selected,participant_macro,subject_event_f1_iou_0_5,Participant-macro event F1@0.5,,,,,,,,,,
bci_subjects_fixed_split,baseline,baseline_fusion_transformer_bci_subjects_no_text,Fusion Transformer,73,missing_or_invalid,selected,participant_macro,subject_event_map,Participant-macro threshold-free event mAP,,,,,,,,,,
bci_subjects_fixed_split,baseline,baseline_fusion_transformer_bci_subjects_no_text,Fusion Transformer,73,missing_or_invalid,selected,pooled_test_steps,pooled_frame_macro_f1,Pooled frame Macro-F1,,,,,,,,,,
bci_subjects_fixed_split,baseline,baseline_fusion_transformer_bci_subjects_no_text,Fusion Transformer,73,missing_or_invalid,selected,pooled_test_steps,pooled_frame_balanced_accuracy,Pooled frame Balanced Accuracy,,,,,,,,,,
bci_subjects_fixed_split,baseline,baseline_fusion_transformer_bci_subjects_no_text,Fusion Transformer,73,missing_or_invalid,selected,pooled_test_steps,pooled_frame_auroc,Pooled frame AUROC,,,,,,,,,,
bci_subjects_fixed_split,baseline,baseline_fusion_transformer_bci_subjects_no_text,Fusion Transformer,73,missing_or_invalid,selected,pooled_test_steps,pooled_frame_average_precision,Pooled frame AP,,,,,,,,,,
bci_subjects_fixed_split,baseline,baseline_fusion_transformer_bci_subjects_no_text,Fusion Transformer,73,missing_or_invalid,selected,pooled_test_steps,pooled_boundary_macro_f1,Pooled boundary F1,,,,,,,,,,
bci_subjects_fixed_split,baseline,baseline_fusion_transformer_bci_subjects_no_text,Fusion Transformer,73,missing_or_invalid,selected,pooled_test_events,pooled_event_f1_iou_0_5,Pooled event F1@0.5,,,,,,,,,,
bci_subjects_fixed_split,baseline,baseline_fusion_transformer_bci_subjects_no_text,Fusion Transformer,73,missing_or_invalid,selected,pooled_test_events,pooled_event_map,Pooled threshold-free event mAP,,,,,,,,,,
bci_subjects_fixed_split,baseline,baseline_fusion_transformer_bci_subjects_no_text,Fusion Transformer,73,missing_or_invalid,selected,matched_events_only,matched_event_delay_steps,Matched-event alert TTD (steps),,,,,,,,,,
bci_subjects_fixed_split,baseline,baseline_fusion_transformer_bci_subjects_no_text,Fusion Transformer,73,missing_or_invalid,selected,matched_events_only,matched_event_delay_seconds,Matched-event alert TTD (seconds),,,,,,,,,,
bci_subjects_fixed_split,baseline,baseline_fusion_transformer_bci_subjects_no_text,Fusion Transformer,73,missing_or_invalid,fixed_0_5,participant_macro,subject_frame_macro_f1,Participant-macro frame Macro-F1,,,,,,,,,,
bci_subjects_fixed_split,baseline,baseline_fusion_transformer_bci_subjects_no_text,Fusion Transformer,73,missing_or_invalid,fixed_0_5,participant_macro,subject_frame_balanced_accuracy,Participant-macro frame Balanced Accuracy,,,,,,,,,,
bci_subjects_fixed_split,baseline,baseline_fusion_transformer_bci_subjects_no_text,Fusion Transformer,73,missing_or_invalid,fixed_0_5,participant_macro,subject_frame_auroc,Participant-macro frame AUROC,,,,,,,,,,
bci_subjects_fixed_split,baseline,baseline_fusion_transformer_bci_subjects_no_text,Fusion Transformer,73,missing_or_invalid,fixed_0_5,participant_macro,subject_frame_average_precision,Participant-macro frame AP,,,,,,,,,,
bci_subjects_fixed_split,baseline,baseline_fusion_transformer_bci_subjects_no_text,Fusion Transformer,73,missing_or_invalid,fixed_0_5,participant_macro,subject_boundary_macro_f1,Participant-macro boundary F1,,,,,,,,,,
bci_subjects_fixed_split,baseline,baseline_fusion_transformer_bci_subjects_no_text,Fusion Transformer,73,missing_or_invalid,fixed_0_5,participant_macro,subject_event_f1_iou_0_5,Participant-macro event F1@0.5,,,,,,,,,,
bci_subjects_fixed_split,baseline,baseline_fusion_transformer_bci_subjects_no_text,Fusion Transformer,73,missing_or_invalid,fixed_0_5,participant_macro,subject_event_map,Participant-macro threshold-free event mAP,,,,,,,,,,
bci_subjects_fixed_split,baseline,baseline_fusion_transformer_bci_subjects_no_text,Fusion Transformer,73,missing_or_invalid,fixed_0_5,pooled_test_steps,pooled_frame_macro_f1,Pooled frame Macro-F1,,,,,,,,,,
bci_subjects_fixed_split,baseline,baseline_fusion_transformer_bci_subjects_no_text,Fusion Transformer,73,missing_or_invalid,fixed_0_5,pooled_test_steps,pooled_frame_balanced_accuracy,Pooled frame Balanced Accuracy,,,,,,,,,,
bci_subjects_fixed_split,baseline,baseline_fusion_transformer_bci_subjects_no_text,Fusion Transformer,73,missing_or_invalid,fixed_0_5,pooled_test_steps,pooled_frame_auroc,Pooled frame AUROC,,,,,,,,,,
bci_subjects_fixed_split,baseline,baseline_fusion_transformer_bci_subjects_no_text,Fusion Transformer,73,missing_or_invalid,fixed_0_5,pooled_test_steps,pooled_frame_average_precision,Pooled frame AP,,,,,,,,,,
bci_subjects_fixed_split,baseline,baseline_fusion_transformer_bci_subjects_no_text,Fusion Transformer,73,missing_or_invalid,fixed_0_5,pooled_test_steps,pooled_boundary_macro_f1,Pooled boundary F1,,,,,,,,,,
bci_subjects_fixed_split,baseline,baseline_fusion_transformer_bci_subjects_no_text,Fusion Transformer,73,missing_or_invalid,fixed_0_5,pooled_test_events,pooled_event_f1_iou_0_5,Pooled event F1@0.5,,,,,,,,,,
bci_subjects_fixed_split,baseline,baseline_fusion_transformer_bci_subjects_no_text,Fusion Transformer,73,missing_or_invalid,fixed_0_5,pooled_test_events,pooled_event_map,Pooled threshold-free event mAP,,,,,,,,,,
bci_subjects_fixed_split,baseline,baseline_fusion_transformer_bci_subjects_no_text,Fusion Transformer,73,missing_or_invalid,fixed_0_5,matched_events_only,matched_event_delay_steps,Matched-event alert TTD (steps),,,,,,,,,,
bci_subjects_fixed_split,baseline,baseline_fusion_transformer_bci_subjects_no_text,Fusion Transformer,73,missing_or_invalid,fixed_0_5,matched_events_only,matched_event_delay_seconds,Matched-event alert TTD (seconds),,,,,,,,,,
bci_subjects_fixed_split,capacity-confounded ablation,ablation_no_recurrent_fusion_bci_subjects_no_text,EPT-Net w/o recurrent fusion update,13,missing_or_invalid,selected,participant_macro,subject_frame_macro_f1,Participant-macro frame Macro-F1,,,,,,,,,,
bci_subjects_fixed_split,capacity-confounded ablation,ablation_no_recurrent_fusion_bci_subjects_no_text,EPT-Net w/o recurrent fusion update,13,missing_or_invalid,selected,participant_macro,subject_frame_balanced_accuracy,Participant-macro frame Balanced Accuracy,,,,,,,,,,
bci_subjects_fixed_split,capacity-confounded ablation,ablation_no_recurrent_fusion_bci_subjects_no_text,EPT-Net w/o recurrent fusion update,13,missing_or_invalid,selected,participant_macro,subject_frame_auroc,Participant-macro frame AUROC,,,,,,,,,,
bci_subjects_fixed_split,capacity-confounded ablation,ablation_no_recurrent_fusion_bci_subjects_no_text,EPT-Net w/o recurrent fusion update,13,missing_or_invalid,selected,participant_macro,subject_frame_average_precision,Participant-macro frame AP,,,,,,,,,,
bci_subjects_fixed_split,capacity-confounded ablation,ablation_no_recurrent_fusion_bci_subjects_no_text,EPT-Net w/o recurrent fusion update,13,missing_or_invalid,selected,participant_macro,subject_boundary_macro_f1,Participant-macro boundary F1,,,,,,,,,,
bci_subjects_fixed_split,capacity-confounded ablation,ablation_no_recurrent_fusion_bci_subjects_no_text,EPT-Net w/o recurrent fusion update,13,missing_or_invalid,selected,participant_macro,subject_event_f1_iou_0_5,Participant-macro event F1@0.5,,,,,,,,,,
bci_subjects_fixed_split,capacity-confounded ablation,ablation_no_recurrent_fusion_bci_subjects_no_text,EPT-Net w/o recurrent fusion update,13,missing_or_invalid,selected,participant_macro,subject_event_map,Participant-macro threshold-free event mAP,,,,,,,,,,
bci_subjects_fixed_split,capacity-confounded ablation,ablation_no_recurrent_fusion_bci_subjects_no_text,EPT-Net w/o recurrent fusion update,13,missing_or_invalid,selected,pooled_test_steps,pooled_frame_macro_f1,Pooled frame Macro-F1,,,,,,,,,,
bci_subjects_fixed_split,capacity-confounded ablation,ablation_no_recurrent_fusion_bci_subjects_no_text,EPT-Net w/o recurrent fusion update,13,missing_or_invalid,selected,pooled_test_steps,pooled_frame_balanced_accuracy,Pooled frame Balanced Accuracy,,,,,,,,,,
bci_subjects_fixed_split,capacity-confounded ablation,ablation_no_recurrent_fusion_bci_subjects_no_text,EPT-Net w/o recurrent fusion update,13,missing_or_invalid,selected,pooled_test_steps,pooled_frame_auroc,Pooled frame AUROC,,,,,,,,,,
bci_subjects_fixed_split,capacity-confounded ablation,ablation_no_recurrent_fusion_bci_subjects_no_text,EPT-Net w/o recurrent fusion update,13,missing_or_invalid,selected,pooled_test_steps,pooled_frame_average_precision,Pooled frame AP,,,,,,,,,,
bci_subjects_fixed_split,capacity-confounded ablation,ablation_no_recurrent_fusion_bci_subjects_no_text,EPT-Net w/o recurrent fusion update,13,missing_or_invalid,selected,pooled_test_steps,pooled_boundary_macro_f1,Pooled boundary F1,,,,,,,,,,
bci_subjects_fixed_split,capacity-confounded ablation,ablation_no_recurrent_fusion_bci_subjects_no_text,EPT-Net w/o recurrent fusion update,13,missing_or_invalid,selected,pooled_test_events,pooled_event_f1_iou_0_5,Pooled event F1@0.5,,,,,,,,,,
bci_subjects_fixed_split,capacity-confounded ablation,ablation_no_recurrent_fusion_bci_subjects_no_text,EPT-Net w/o recurrent fusion update,13,missing_or_invalid,selected,pooled_test_events,pooled_event_map,Pooled threshold-free event mAP,,,,,,,,,,
bci_subjects_fixed_split,capacity-confounded ablation,ablation_no_recurrent_fusion_bci_subjects_no_text,EPT-Net w/o recurrent fusion update,13,missing_or_invalid,selected,matched_events_only,matched_event_delay_steps,Matched-event alert TTD (steps),,,,,,,,,,
bci_subjects_fixed_split,capacity-confounded ablation,ablation_no_recurrent_fusion_bci_subjects_no_text,EPT-Net w/o recurrent fusion update,13,missing_or_invalid,selected,matched_events_only,matched_event_delay_seconds,Matched-event alert TTD (seconds),,,,,,,,,,
bci_subjects_fixed_split,capacity-confounded ablation,ablation_no_recurrent_fusion_bci_subjects_no_text,EPT-Net w/o recurrent fusion update,13,missing_or_invalid,fixed_0_5,participant_macro,subject_frame_macro_f1,Participant-macro frame Macro-F1,,,,,,,,,,
bci_subjects_fixed_split,capacity-confounded ablation,ablation_no_recurrent_fusion_bci_subjects_no_text,EPT-Net w/o recurrent fusion update,13,missing_or_invalid,fixed_0_5,participant_macro,subject_frame_balanced_accuracy,Participant-macro frame Balanced Accuracy,,,,,,,,,,
bci_subjects_fixed_split,capacity-confounded ablation,ablation_no_recurrent_fusion_bci_subjects_no_text,EPT-Net w/o recurrent fusion update,13,missing_or_invalid,fixed_0_5,participant_macro,subject_frame_auroc,Participant-macro frame AUROC,,,,,,,,,,
bci_subjects_fixed_split,capacity-confounded ablation,ablation_no_recurrent_fusion_bci_subjects_no_text,EPT-Net w/o recurrent fusion update,13,missing_or_invalid,fixed_0_5,participant_macro,subject_frame_average_precision,Participant-macro frame AP,,,,,,,,,,
bci_subjects_fixed_split,capacity-confounded ablation,ablation_no_recurrent_fusion_bci_subjects_no_text,EPT-Net w/o recurrent fusion update,13,missing_or_invalid,fixed_0_5,participant_macro,subject_boundary_macro_f1,Participant-macro boundary F1,,,,,,,,,,
bci_subjects_fixed_split,capacity-confounded ablation,ablation_no_recurrent_fusion_bci_subjects_no_text,EPT-Net w/o recurrent fusion update,13,missing_or_invalid,fixed_0_5,participant_macro,subject_event_f1_iou_0_5,Participant-macro event F1@0.5,,,,,,,,,,
bci_subjects_fixed_split,capacity-confounded ablation,ablation_no_recurrent_fusion_bci_subjects_no_text,EPT-Net w/o recurrent fusion update,13,missing_or_invalid,fixed_0_5,participant_macro,subject_event_map,Participant-macro threshold-free event mAP,,,,,,,,,,
bci_subjects_fixed_split,capacity-confounded ablation,ablation_no_recurrent_fusion_bci_subjects_no_text,EPT-Net w/o recurrent fusion update,13,missing_or_invalid,fixed_0_5,pooled_test_steps,pooled_frame_macro_f1,Pooled frame Macro-F1,,,,,,,,,,
bci_subjects_fixed_split,capacity-confounded ablation,ablation_no_recurrent_fusion_bci_subjects_no_text,EPT-Net w/o recurrent fusion update,13,missing_or_invalid,fixed_0_5,pooled_test_steps,pooled_frame_balanced_accuracy,Pooled frame Balanced Accuracy,,,,,,,,,,
bci_subjects_fixed_split,capacity-confounded ablation,ablation_no_recurrent_fusion_bci_subjects_no_text,EPT-Net w/o recurrent fusion update,13,missing_or_invalid,fixed_0_5,pooled_test_steps,pooled_frame_auroc,Pooled frame AUROC,,,,,,,,,,
bci_subjects_fixed_split,capacity-confounded ablation,ablation_no_recurrent_fusion_bci_subjects_no_text,EPT-Net w/o recurrent fusion update,13,missing_or_invalid,fixed_0_5,pooled_test_steps,pooled_frame_average_precision,Pooled frame AP,,,,,,,,,,
bci_subjects_fixed_split,capacity-confounded ablation,ablation_no_recurrent_fusion_bci_subjects_no_text,EPT-Net w/o recurrent fusion update,13,missing_or_invalid,fixed_0_5,pooled_test_steps,pooled_boundary_macro_f1,Pooled boundary F1,,,,,,,,,,
bci_subjects_fixed_split,capacity-confounded ablation,ablation_no_recurrent_fusion_bci_subjects_no_text,EPT-Net w/o recurrent fusion update,13,missing_or_invalid,fixed_0_5,pooled_test_events,pooled_event_f1_iou_0_5,Pooled event F1@0.5,,,,,,,,,,
bci_subjects_fixed_split,capacity-confounded ablation,ablation_no_recurrent_fusion_bci_subjects_no_text,EPT-Net w/o recurrent fusion update,13,missing_or_invalid,fixed_0_5,pooled_test_events,pooled_event_map,Pooled threshold-free event mAP,,,,,,,,,,
bci_subjects_fixed_split,capacity-confounded ablation,ablation_no_recurrent_fusion_bci_subjects_no_text,EPT-Net w/o recurrent fusion update,13,missing_or_invalid,fixed_0_5,matched_events_only,matched_event_delay_steps,Matched-event alert TTD (steps),,,,,,,,,,
bci_subjects_fixed_split,capacity-confounded ablation,ablation_no_recurrent_fusion_bci_subjects_no_text,EPT-Net w/o recurrent fusion update,13,missing_or_invalid,fixed_0_5,matched_events_only,matched_event_delay_seconds,Matched-event alert TTD (seconds),,,,,,,,,,
bci_subjects_fixed_split,capacity-confounded ablation,ablation_no_recurrent_fusion_bci_subjects_no_text,EPT-Net w/o recurrent fusion update,42,missing_or_invalid,selected,participant_macro,subject_frame_macro_f1,Participant-macro frame Macro-F1,,,,,,,,,,
bci_subjects_fixed_split,capacity-confounded ablation,ablation_no_recurrent_fusion_bci_subjects_no_text,EPT-Net w/o recurrent fusion update,42,missing_or_invalid,selected,participant_macro,subject_frame_balanced_accuracy,Participant-macro frame Balanced Accuracy,,,,,,,,,,
bci_subjects_fixed_split,capacity-confounded ablation,ablation_no_recurrent_fusion_bci_subjects_no_text,EPT-Net w/o recurrent fusion update,42,missing_or_invalid,selected,participant_macro,subject_frame_auroc,Participant-macro frame AUROC,,,,,,,,,,
bci_subjects_fixed_split,capacity-confounded ablation,ablation_no_recurrent_fusion_bci_subjects_no_text,EPT-Net w/o recurrent fusion update,42,missing_or_invalid,selected,participant_macro,subject_frame_average_precision,Participant-macro frame AP,,,,,,,,,,
bci_subjects_fixed_split,capacity-confounded ablation,ablation_no_recurrent_fusion_bci_subjects_no_text,EPT-Net w/o recurrent fusion update,42,missing_or_invalid,selected,participant_macro,subject_boundary_macro_f1,Participant-macro boundary F1,,,,,,,,,,
bci_subjects_fixed_split,capacity-confounded ablation,ablation_no_recurrent_fusion_bci_subjects_no_text,EPT-Net w/o recurrent fusion update,42,missing_or_invalid,selected,participant_macro,subject_event_f1_iou_0_5,Participant-macro event F1@0.5,,,,,,,,,,
bci_subjects_fixed_split,capacity-confounded ablation,ablation_no_recurrent_fusion_bci_subjects_no_text,EPT-Net w/o recurrent fusion update,42,missing_or_invalid,selected,participant_macro,subject_event_map,Participant-macro threshold-free event mAP,,,,,,,,,,
bci_subjects_fixed_split,capacity-confounded ablation,ablation_no_recurrent_fusion_bci_subjects_no_text,EPT-Net w/o recurrent fusion update,42,missing_or_invalid,selected,pooled_test_steps,pooled_frame_macro_f1,Pooled frame Macro-F1,,,,,,,,,,
bci_subjects_fixed_split,capacity-confounded ablation,ablation_no_recurrent_fusion_bci_subjects_no_text,EPT-Net w/o recurrent fusion update,42,missing_or_invalid,selected,pooled_test_steps,pooled_frame_balanced_accuracy,Pooled frame Balanced Accuracy,,,,,,,,,,
bci_subjects_fixed_split,capacity-confounded ablation,ablation_no_recurrent_fusion_bci_subjects_no_text,EPT-Net w/o recurrent fusion update,42,missing_or_invalid,selected,pooled_test_steps,pooled_frame_auroc,Pooled frame AUROC,,,,,,,,,,
bci_subjects_fixed_split,capacity-confounded ablation,ablation_no_recurrent_fusion_bci_subjects_no_text,EPT-Net w/o recurrent fusion update,42,missing_or_invalid,selected,pooled_test_steps,pooled_frame_average_precision,Pooled frame AP,,,,,,,,,,
bci_subjects_fixed_split,capacity-confounded ablation,ablation_no_recurrent_fusion_bci_subjects_no_text,EPT-Net w/o recurrent fusion update,42,missing_or_invalid,selected,pooled_test_steps,pooled_boundary_macro_f1,Pooled boundary F1,,,,,,,,,,
bci_subjects_fixed_split,capacity-confounded ablation,ablation_no_recurrent_fusion_bci_subjects_no_text,EPT-Net w/o recurrent fusion update,42,missing_or_invalid,selected,pooled_test_events,pooled_event_f1_iou_0_5,Pooled event F1@0.5,,,,,,,,,,
bci_subjects_fixed_split,capacity-confounded ablation,ablation_no_recurrent_fusion_bci_subjects_no_text,EPT-Net w/o recurrent fusion update,42,missing_or_invalid,selected,pooled_test_events,pooled_event_map,Pooled threshold-free event mAP,,,,,,,,,,
bci_subjects_fixed_split,capacity-confounded ablation,ablation_no_recurrent_fusion_bci_subjects_no_text,EPT-Net w/o recurrent fusion update,42,missing_or_invalid,selected,matched_events_only,matched_event_delay_steps,Matched-event alert TTD (steps),,,,,,,,,,
bci_subjects_fixed_split,capacity-confounded ablation,ablation_no_recurrent_fusion_bci_subjects_no_text,EPT-Net w/o recurrent fusion update,42,missing_or_invalid,selected,matched_events_only,matched_event_delay_seconds,Matched-event alert TTD (seconds),,,,,,,,,,
bci_subjects_fixed_split,capacity-confounded ablation,ablation_no_recurrent_fusion_bci_subjects_no_text,EPT-Net w/o recurrent fusion update,42,missing_or_invalid,fixed_0_5,participant_macro,subject_frame_macro_f1,Participant-macro frame Macro-F1,,,,,,,,,,
bci_subjects_fixed_split,capacity-confounded ablation,ablation_no_recurrent_fusion_bci_subjects_no_text,EPT-Net w/o recurrent fusion update,42,missing_or_invalid,fixed_0_5,participant_macro,subject_frame_balanced_accuracy,Participant-macro frame Balanced Accuracy,,,,,,,,,,
bci_subjects_fixed_split,capacity-confounded ablation,ablation_no_recurrent_fusion_bci_subjects_no_text,EPT-Net w/o recurrent fusion update,42,missing_or_invalid,fixed_0_5,participant_macro,subject_frame_auroc,Participant-macro frame AUROC,,,,,,,,,,
bci_subjects_fixed_split,capacity-confounded ablation,ablation_no_recurrent_fusion_bci_subjects_no_text,EPT-Net w/o recurrent fusion update,42,missing_or_invalid,fixed_0_5,participant_macro,subject_frame_average_precision,Participant-macro frame AP,,,,,,,,,,
bci_subjects_fixed_split,capacity-confounded ablation,ablation_no_recurrent_fusion_bci_subjects_no_text,EPT-Net w/o recurrent fusion update,42,missing_or_invalid,fixed_0_5,participant_macro,subject_boundary_macro_f1,Participant-macro boundary F1,,,,,,,,,,
bci_subjects_fixed_split,capacity-confounded ablation,ablation_no_recurrent_fusion_bci_subjects_no_text,EPT-Net w/o recurrent fusion update,42,missing_or_invalid,fixed_0_5,participant_macro,subject_event_f1_iou_0_5,Participant-macro event F1@0.5,,,,,,,,,,
bci_subjects_fixed_split,capacity-confounded ablation,ablation_no_recurrent_fusion_bci_subjects_no_text,EPT-Net w/o recurrent fusion update,42,missing_or_invalid,fixed_0_5,participant_macro,subject_event_map,Participant-macro threshold-free event mAP,,,,,,,,,,
bci_subjects_fixed_split,capacity-confounded ablation,ablation_no_recurrent_fusion_bci_subjects_no_text,EPT-Net w/o recurrent fusion update,42,missing_or_invalid,fixed_0_5,pooled_test_steps,pooled_frame_macro_f1,Pooled frame Macro-F1,,,,,,,,,,
bci_subjects_fixed_split,capacity-confounded ablation,ablation_no_recurrent_fusion_bci_subjects_no_text,EPT-Net w/o recurrent fusion update,42,missing_or_invalid,fixed_0_5,pooled_test_steps,pooled_frame_balanced_accuracy,Pooled frame Balanced Accuracy,,,,,,,,,,
bci_subjects_fixed_split,capacity-confounded ablation,ablation_no_recurrent_fusion_bci_subjects_no_text,EPT-Net w/o recurrent fusion update,42,missing_or_invalid,fixed_0_5,pooled_test_steps,pooled_frame_auroc,Pooled frame AUROC,,,,,,,,,,
bci_subjects_fixed_split,capacity-confounded ablation,ablation_no_recurrent_fusion_bci_subjects_no_text,EPT-Net w/o recurrent fusion update,42,missing_or_invalid,fixed_0_5,pooled_test_steps,pooled_frame_average_precision,Pooled frame AP,,,,,,,,,,
bci_subjects_fixed_split,capacity-confounded ablation,ablation_no_recurrent_fusion_bci_subjects_no_text,EPT-Net w/o recurrent fusion update,42,missing_or_invalid,fixed_0_5,pooled_test_steps,pooled_boundary_macro_f1,Pooled boundary F1,,,,,,,,,,
bci_subjects_fixed_split,capacity-confounded ablation,ablation_no_recurrent_fusion_bci_subjects_no_text,EPT-Net w/o recurrent fusion update,42,missing_or_invalid,fixed_0_5,pooled_test_events,pooled_event_f1_iou_0_5,Pooled event F1@0.5,,,,,,,,,,
bci_subjects_fixed_split,capacity-confounded ablation,ablation_no_recurrent_fusion_bci_subjects_no_text,EPT-Net w/o recurrent fusion update,42,missing_or_invalid,fixed_0_5,pooled_test_events,pooled_event_map,Pooled threshold-free event mAP,,,,,,,,,,
bci_subjects_fixed_split,capacity-confounded ablation,ablation_no_recurrent_fusion_bci_subjects_no_text,EPT-Net w/o recurrent fusion update,42,missing_or_invalid,fixed_0_5,matched_events_only,matched_event_delay_steps,Matched-event alert TTD (steps),,,,,,,,,,
bci_subjects_fixed_split,capacity-confounded ablation,ablation_no_recurrent_fusion_bci_subjects_no_text,EPT-Net w/o recurrent fusion update,42,missing_or_invalid,fixed_0_5,matched_events_only,matched_event_delay_seconds,Matched-event alert TTD (seconds),,,,,,,,,,
bci_subjects_fixed_split,capacity-confounded ablation,ablation_no_recurrent_fusion_bci_subjects_no_text,EPT-Net w/o recurrent fusion update,73,missing_or_invalid,selected,participant_macro,subject_frame_macro_f1,Participant-macro frame Macro-F1,,,,,,,,,,
bci_subjects_fixed_split,capacity-confounded ablation,ablation_no_recurrent_fusion_bci_subjects_no_text,EPT-Net w/o recurrent fusion update,73,missing_or_invalid,selected,participant_macro,subject_frame_balanced_accuracy,Participant-macro frame Balanced Accuracy,,,,,,,,,,
bci_subjects_fixed_split,capacity-confounded ablation,ablation_no_recurrent_fusion_bci_subjects_no_text,EPT-Net w/o recurrent fusion update,73,missing_or_invalid,selected,participant_macro,subject_frame_auroc,Participant-macro frame AUROC,,,,,,,,,,
bci_subjects_fixed_split,capacity-confounded ablation,ablation_no_recurrent_fusion_bci_subjects_no_text,EPT-Net w/o recurrent fusion update,73,missing_or_invalid,selected,participant_macro,subject_frame_average_precision,Participant-macro frame AP,,,,,,,,,,
bci_subjects_fixed_split,capacity-confounded ablation,ablation_no_recurrent_fusion_bci_subjects_no_text,EPT-Net w/o recurrent fusion update,73,missing_or_invalid,selected,participant_macro,subject_boundary_macro_f1,Participant-macro boundary F1,,,,,,,,,,
bci_subjects_fixed_split,capacity-confounded ablation,ablation_no_recurrent_fusion_bci_subjects_no_text,EPT-Net w/o recurrent fusion update,73,missing_or_invalid,selected,participant_macro,subject_event_f1_iou_0_5,Participant-macro event F1@0.5,,,,,,,,,,
bci_subjects_fixed_split,capacity-confounded ablation,ablation_no_recurrent_fusion_bci_subjects_no_text,EPT-Net w/o recurrent fusion update,73,missing_or_invalid,selected,participant_macro,subject_event_map,Participant-macro threshold-free event mAP,,,,,,,,,,
bci_subjects_fixed_split,capacity-confounded ablation,ablation_no_recurrent_fusion_bci_subjects_no_text,EPT-Net w/o recurrent fusion update,73,missing_or_invalid,selected,pooled_test_steps,pooled_frame_macro_f1,Pooled frame Macro-F1,,,,,,,,,,
bci_subjects_fixed_split,capacity-confounded ablation,ablation_no_recurrent_fusion_bci_subjects_no_text,EPT-Net w/o recurrent fusion update,73,missing_or_invalid,selected,pooled_test_steps,pooled_frame_balanced_accuracy,Pooled frame Balanced Accuracy,,,,,,,,,,
bci_subjects_fixed_split,capacity-confounded ablation,ablation_no_recurrent_fusion_bci_subjects_no_text,EPT-Net w/o recurrent fusion update,73,missing_or_invalid,selected,pooled_test_steps,pooled_frame_auroc,Pooled frame AUROC,,,,,,,,,,
bci_subjects_fixed_split,capacity-confounded ablation,ablation_no_recurrent_fusion_bci_subjects_no_text,EPT-Net w/o recurrent fusion update,73,missing_or_invalid,selected,pooled_test_steps,pooled_frame_average_precision,Pooled frame AP,,,,,,,,,,
bci_subjects_fixed_split,capacity-confounded ablation,ablation_no_recurrent_fusion_bci_subjects_no_text,EPT-Net w/o recurrent fusion update,73,missing_or_invalid,selected,pooled_test_steps,pooled_boundary_macro_f1,Pooled boundary F1,,,,,,,,,,
bci_subjects_fixed_split,capacity-confounded ablation,ablation_no_recurrent_fusion_bci_subjects_no_text,EPT-Net w/o recurrent fusion update,73,missing_or_invalid,selected,pooled_test_events,pooled_event_f1_iou_0_5,Pooled event F1@0.5,,,,,,,,,,
bci_subjects_fixed_split,capacity-confounded ablation,ablation_no_recurrent_fusion_bci_subjects_no_text,EPT-Net w/o recurrent fusion update,73,missing_or_invalid,selected,pooled_test_events,pooled_event_map,Pooled threshold-free event mAP,,,,,,,,,,
bci_subjects_fixed_split,capacity-confounded ablation,ablation_no_recurrent_fusion_bci_subjects_no_text,EPT-Net w/o recurrent fusion update,73,missing_or_invalid,selected,matched_events_only,matched_event_delay_steps,Matched-event alert TTD (steps),,,,,,,,,,
bci_subjects_fixed_split,capacity-confounded ablation,ablation_no_recurrent_fusion_bci_subjects_no_text,EPT-Net w/o recurrent fusion update,73,missing_or_invalid,selected,matched_events_only,matched_event_delay_seconds,Matched-event alert TTD (seconds),,,,,,,,,,
bci_subjects_fixed_split,capacity-confounded ablation,ablation_no_recurrent_fusion_bci_subjects_no_text,EPT-Net w/o recurrent fusion update,73,missing_or_invalid,fixed_0_5,participant_macro,subject_frame_macro_f1,Participant-macro frame Macro-F1,,,,,,,,,,
bci_subjects_fixed_split,capacity-confounded ablation,ablation_no_recurrent_fusion_bci_subjects_no_text,EPT-Net w/o recurrent fusion update,73,missing_or_invalid,fixed_0_5,participant_macro,subject_frame_balanced_accuracy,Participant-macro frame Balanced Accuracy,,,,,,,,,,
bci_subjects_fixed_split,capacity-confounded ablation,ablation_no_recurrent_fusion_bci_subjects_no_text,EPT-Net w/o recurrent fusion update,73,missing_or_invalid,fixed_0_5,participant_macro,subject_frame_auroc,Participant-macro frame AUROC,,,,,,,,,,
bci_subjects_fixed_split,capacity-confounded ablation,ablation_no_recurrent_fusion_bci_subjects_no_text,EPT-Net w/o recurrent fusion update,73,missing_or_invalid,fixed_0_5,participant_macro,subject_frame_average_precision,Participant-macro frame AP,,,,,,,,,,
bci_subjects_fixed_split,capacity-confounded ablation,ablation_no_recurrent_fusion_bci_subjects_no_text,EPT-Net w/o recurrent fusion update,73,missing_or_invalid,fixed_0_5,participant_macro,subject_boundary_macro_f1,Participant-macro boundary F1,,,,,,,,,,
bci_subjects_fixed_split,capacity-confounded ablation,ablation_no_recurrent_fusion_bci_subjects_no_text,EPT-Net w/o recurrent fusion update,73,missing_or_invalid,fixed_0_5,participant_macro,subject_event_f1_iou_0_5,Participant-macro event F1@0.5,,,,,,,,,,
bci_subjects_fixed_split,capacity-confounded ablation,ablation_no_recurrent_fusion_bci_subjects_no_text,EPT-Net w/o recurrent fusion update,73,missing_or_invalid,fixed_0_5,participant_macro,subject_event_map,Participant-macro threshold-free event mAP,,,,,,,,,,
bci_subjects_fixed_split,capacity-confounded ablation,ablation_no_recurrent_fusion_bci_subjects_no_text,EPT-Net w/o recurrent fusion update,73,missing_or_invalid,fixed_0_5,pooled_test_steps,pooled_frame_macro_f1,Pooled frame Macro-F1,,,,,,,,,,
bci_subjects_fixed_split,capacity-confounded ablation,ablation_no_recurrent_fusion_bci_subjects_no_text,EPT-Net w/o recurrent fusion update,73,missing_or_invalid,fixed_0_5,pooled_test_steps,pooled_frame_balanced_accuracy,Pooled frame Balanced Accuracy,,,,,,,,,,
bci_subjects_fixed_split,capacity-confounded ablation,ablation_no_recurrent_fusion_bci_subjects_no_text,EPT-Net w/o recurrent fusion update,73,missing_or_invalid,fixed_0_5,pooled_test_steps,pooled_frame_auroc,Pooled frame AUROC,,,,,,,,,,
bci_subjects_fixed_split,capacity-confounded ablation,ablation_no_recurrent_fusion_bci_subjects_no_text,EPT-Net w/o recurrent fusion update,73,missing_or_invalid,fixed_0_5,pooled_test_steps,pooled_frame_average_precision,Pooled frame AP,,,,,,,,,,
bci_subjects_fixed_split,capacity-confounded ablation,ablation_no_recurrent_fusion_bci_subjects_no_text,EPT-Net w/o recurrent fusion update,73,missing_or_invalid,fixed_0_5,pooled_test_steps,pooled_boundary_macro_f1,Pooled boundary F1,,,,,,,,,,
bci_subjects_fixed_split,capacity-confounded ablation,ablation_no_recurrent_fusion_bci_subjects_no_text,EPT-Net w/o recurrent fusion update,73,missing_or_invalid,fixed_0_5,pooled_test_events,pooled_event_f1_iou_0_5,Pooled event F1@0.5,,,,,,,,,,
bci_subjects_fixed_split,capacity-confounded ablation,ablation_no_recurrent_fusion_bci_subjects_no_text,EPT-Net w/o recurrent fusion update,73,missing_or_invalid,fixed_0_5,pooled_test_events,pooled_event_map,Pooled threshold-free event mAP,,,,,,,,,,
bci_subjects_fixed_split,capacity-confounded ablation,ablation_no_recurrent_fusion_bci_subjects_no_text,EPT-Net w/o recurrent fusion update,73,missing_or_invalid,fixed_0_5,matched_events_only,matched_event_delay_steps,Matched-event alert TTD (steps),,,,,,,,,,
bci_subjects_fixed_split,capacity-confounded ablation,ablation_no_recurrent_fusion_bci_subjects_no_text,EPT-Net w/o recurrent fusion update,73,missing_or_invalid,fixed_0_5,matched_events_only,matched_event_delay_seconds,Matched-event alert TTD (seconds),,,,,,,,,,
