cohort,role,experiment,display_name,status,evaluation_variant,aggregation_unit,metric,metric_label,seed_mean,seed_sample_std,seed_n,seed_missing,expected_seeds,completed_seeds,allocated_parameters,executed_parameters,executed_ratio_to_eptnet,provenance_sha256
bci_subjects_fixed_split,proposed,eptnet_bci_subjects_no_text,EPT-Net,incomplete,selected,participant_macro,subject_frame_macro_f1,Participant-macro frame Macro-F1,,,,,13;42;73,,,334796,1,
bci_subjects_fixed_split,proposed,eptnet_bci_subjects_no_text,EPT-Net,incomplete,selected,participant_macro,subject_frame_balanced_accuracy,Participant-macro frame Balanced Accuracy,,,,,13;42;73,,,334796,1,
bci_subjects_fixed_split,proposed,eptnet_bci_subjects_no_text,EPT-Net,incomplete,selected,participant_macro,subject_frame_auroc,Participant-macro frame AUROC,,,,,13;42;73,,,334796,1,
bci_subjects_fixed_split,proposed,eptnet_bci_subjects_no_text,EPT-Net,incomplete,selected,participant_macro,subject_frame_average_precision,Participant-macro frame AP,,,,,13;42;73,,,334796,1,
bci_subjects_fixed_split,proposed,eptnet_bci_subjects_no_text,EPT-Net,incomplete,selected,participant_macro,subject_boundary_macro_f1,Participant-macro boundary F1,,,,,13;42;73,,,334796,1,
bci_subjects_fixed_split,proposed,eptnet_bci_subjects_no_text,EPT-Net,incomplete,selected,participant_macro,subject_event_f1_iou_0_5,Participant-macro event F1@0.5,,,,,13;42;73,,,334796,1,
bci_subjects_fixed_split,proposed,eptnet_bci_subjects_no_text,EPT-Net,incomplete,selected,participant_macro,subject_event_map,Participant-macro threshold-free event mAP,,,,,13;42;73,,,334796,1,
bci_subjects_fixed_split,proposed,eptnet_bci_subjects_no_text,EPT-Net,incomplete,selected,pooled_test_steps,pooled_frame_macro_f1,Pooled frame Macro-F1,,,,,13;42;73,,,334796,1,
bci_subjects_fixed_split,proposed,eptnet_bci_subjects_no_text,EPT-Net,incomplete,selected,pooled_test_steps,pooled_frame_balanced_accuracy,Pooled frame Balanced Accuracy,,,,,13;42;73,,,334796,1,
bci_subjects_fixed_split,proposed,eptnet_bci_subjects_no_text,EPT-Net,incomplete,selected,pooled_test_steps,pooled_frame_auroc,Pooled frame AUROC,,,,,13;42;73,,,334796,1,
bci_subjects_fixed_split,proposed,eptnet_bci_subjects_no_text,EPT-Net,incomplete,selected,pooled_test_steps,pooled_frame_average_precision,Pooled frame AP,,,,,13;42;73,,,334796,1,
bci_subjects_fixed_split,proposed,eptnet_bci_subjects_no_text,EPT-Net,incomplete,selected,pooled_test_steps,pooled_boundary_macro_f1,Pooled boundary F1,,,,,13;42;73,,,334796,1,
bci_subjects_fixed_split,proposed,eptnet_bci_subjects_no_text,EPT-Net,incomplete,selected,pooled_test_events,pooled_event_f1_iou_0_5,Pooled event F1@0.5,,,,,13;42;73,,,334796,1,
bci_subjects_fixed_split,proposed,eptnet_bci_subjects_no_text,EPT-Net,incomplete,selected,pooled_test_events,pooled_event_map,Pooled threshold-free event mAP,,,,,13;42;73,,,334796,1,
bci_subjects_fixed_split,proposed,eptnet_bci_subjects_no_text,EPT-Net,incomplete,selected,matched_events_only,matched_event_delay_steps,Matched-event alert TTD (steps),,,,,13;42;73,,,334796,1,
bci_subjects_fixed_split,proposed,eptnet_bci_subjects_no_text,EPT-Net,incomplete,selected,matched_events_only,matched_event_delay_seconds,Matched-event alert TTD (seconds),,,,,13;42;73,,,334796,1,
bci_subjects_fixed_split,proposed,eptnet_bci_subjects_no_text,EPT-Net,incomplete,fixed_0_5,participant_macro,subject_frame_macro_f1,Participant-macro frame Macro-F1,,,,,13;42;73,,,334796,1,
bci_subjects_fixed_split,proposed,eptnet_bci_subjects_no_text,EPT-Net,incomplete,fixed_0_5,participant_macro,subject_frame_balanced_accuracy,Participant-macro frame Balanced Accuracy,,,,,13;42;73,,,334796,1,
bci_subjects_fixed_split,proposed,eptnet_bci_subjects_no_text,EPT-Net,incomplete,fixed_0_5,participant_macro,subject_frame_auroc,Participant-macro frame AUROC,,,,,13;42;73,,,334796,1,
bci_subjects_fixed_split,proposed,eptnet_bci_subjects_no_text,EPT-Net,incomplete,fixed_0_5,participant_macro,subject_frame_average_precision,Participant-macro frame AP,,,,,13;42;73,,,334796,1,
bci_subjects_fixed_split,proposed,eptnet_bci_subjects_no_text,EPT-Net,incomplete,fixed_0_5,participant_macro,subject_boundary_macro_f1,Participant-macro boundary F1,,,,,13;42;73,,,334796,1,
bci_subjects_fixed_split,proposed,eptnet_bci_subjects_no_text,EPT-Net,incomplete,fixed_0_5,participant_macro,subject_event_f1_iou_0_5,Participant-macro event F1@0.5,,,,,13;42;73,,,334796,1,
bci_subjects_fixed_split,proposed,eptnet_bci_subjects_no_text,EPT-Net,incomplete,fixed_0_5,participant_macro,subject_event_map,Participant-macro threshold-free event mAP,,,,,13;42;73,,,334796,1,
bci_subjects_fixed_split,proposed,eptnet_bci_subjects_no_text,EPT-Net,incomplete,fixed_0_5,pooled_test_steps,pooled_frame_macro_f1,Pooled frame Macro-F1,,,,,13;42;73,,,334796,1,
bci_subjects_fixed_split,proposed,eptnet_bci_subjects_no_text,EPT-Net,incomplete,fixed_0_5,pooled_test_steps,pooled_frame_balanced_accuracy,Pooled frame Balanced Accuracy,,,,,13;42;73,,,334796,1,
bci_subjects_fixed_split,proposed,eptnet_bci_subjects_no_text,EPT-Net,incomplete,fixed_0_5,pooled_test_steps,pooled_frame_auroc,Pooled frame AUROC,,,,,13;42;73,,,334796,1,
bci_subjects_fixed_split,proposed,eptnet_bci_subjects_no_text,EPT-Net,incomplete,fixed_0_5,pooled_test_steps,pooled_frame_average_precision,Pooled frame AP,,,,,13;42;73,,,334796,1,
bci_subjects_fixed_split,proposed,eptnet_bci_subjects_no_text,EPT-Net,incomplete,fixed_0_5,pooled_test_steps,pooled_boundary_macro_f1,Pooled boundary F1,,,,,13;42;73,,,334796,1,
bci_subjects_fixed_split,proposed,eptnet_bci_subjects_no_text,EPT-Net,incomplete,fixed_0_5,pooled_test_events,pooled_event_f1_iou_0_5,Pooled event F1@0.5,,,,,13;42;73,,,334796,1,
bci_subjects_fixed_split,proposed,eptnet_bci_subjects_no_text,EPT-Net,incomplete,fixed_0_5,pooled_test_events,pooled_event_map,Pooled threshold-free event mAP,,,,,13;42;73,,,334796,1,
bci_subjects_fixed_split,proposed,eptnet_bci_subjects_no_text,EPT-Net,incomplete,fixed_0_5,matched_events_only,matched_event_delay_steps,Matched-event alert TTD (steps),,,,,13;42;73,,,334796,1,
bci_subjects_fixed_split,proposed,eptnet_bci_subjects_no_text,EPT-Net,incomplete,fixed_0_5,matched_events_only,matched_event_delay_seconds,Matched-event alert TTD (seconds),,,,,13;42;73,,,334796,1,
bci_subjects_fixed_split,baseline,baseline_early_fusion_gru_bci_subjects_no_text,Early-fusion GRU,incomplete,selected,participant_macro,subject_frame_macro_f1,Participant-macro frame Macro-F1,,,,,13;42;73,,,334682,0.99965949414,
bci_subjects_fixed_split,baseline,baseline_early_fusion_gru_bci_subjects_no_text,Early-fusion GRU,incomplete,selected,participant_macro,subject_frame_balanced_accuracy,Participant-macro frame Balanced Accuracy,,,,,13;42;73,,,334682,0.99965949414,
bci_subjects_fixed_split,baseline,baseline_early_fusion_gru_bci_subjects_no_text,Early-fusion GRU,incomplete,selected,participant_macro,subject_frame_auroc,Participant-macro frame AUROC,,,,,13;42;73,,,334682,0.99965949414,
bci_subjects_fixed_split,baseline,baseline_early_fusion_gru_bci_subjects_no_text,Early-fusion GRU,incomplete,selected,participant_macro,subject_frame_average_precision,Participant-macro frame AP,,,,,13;42;73,,,334682,0.99965949414,
bci_subjects_fixed_split,baseline,baseline_early_fusion_gru_bci_subjects_no_text,Early-fusion GRU,incomplete,selected,participant_macro,subject_boundary_macro_f1,Participant-macro boundary F1,,,,,13;42;73,,,334682,0.99965949414,
bci_subjects_fixed_split,baseline,baseline_early_fusion_gru_bci_subjects_no_text,Early-fusion GRU,incomplete,selected,participant_macro,subject_event_f1_iou_0_5,Participant-macro event F1@0.5,,,,,13;42;73,,,334682,0.99965949414,
bci_subjects_fixed_split,baseline,baseline_early_fusion_gru_bci_subjects_no_text,Early-fusion GRU,incomplete,selected,participant_macro,subject_event_map,Participant-macro threshold-free event mAP,,,,,13;42;73,,,334682,0.99965949414,
bci_subjects_fixed_split,baseline,baseline_early_fusion_gru_bci_subjects_no_text,Early-fusion GRU,incomplete,selected,pooled_test_steps,pooled_frame_macro_f1,Pooled frame Macro-F1,,,,,13;42;73,,,334682,0.99965949414,
bci_subjects_fixed_split,baseline,baseline_early_fusion_gru_bci_subjects_no_text,Early-fusion GRU,incomplete,selected,pooled_test_steps,pooled_frame_balanced_accuracy,Pooled frame Balanced Accuracy,,,,,13;42;73,,,334682,0.99965949414,
bci_subjects_fixed_split,baseline,baseline_early_fusion_gru_bci_subjects_no_text,Early-fusion GRU,incomplete,selected,pooled_test_steps,pooled_frame_auroc,Pooled frame AUROC,,,,,13;42;73,,,334682,0.99965949414,
bci_subjects_fixed_split,baseline,baseline_early_fusion_gru_bci_subjects_no_text,Early-fusion GRU,incomplete,selected,pooled_test_steps,pooled_frame_average_precision,Pooled frame AP,,,,,13;42;73,,,334682,0.99965949414,
bci_subjects_fixed_split,baseline,baseline_early_fusion_gru_bci_subjects_no_text,Early-fusion GRU,incomplete,selected,pooled_test_steps,pooled_boundary_macro_f1,Pooled boundary F1,,,,,13;42;73,,,334682,0.99965949414,
bci_subjects_fixed_split,baseline,baseline_early_fusion_gru_bci_subjects_no_text,Early-fusion GRU,incomplete,selected,pooled_test_events,pooled_event_f1_iou_0_5,Pooled event F1@0.5,,,,,13;42;73,,,334682,0.99965949414,
bci_subjects_fixed_split,baseline,baseline_early_fusion_gru_bci_subjects_no_text,Early-fusion GRU,incomplete,selected,pooled_test_events,pooled_event_map,Pooled threshold-free event mAP,,,,,13;42;73,,,334682,0.99965949414,
bci_subjects_fixed_split,baseline,baseline_early_fusion_gru_bci_subjects_no_text,Early-fusion GRU,incomplete,selected,matched_events_only,matched_event_delay_steps,Matched-event alert TTD (steps),,,,,13;42;73,,,334682,0.99965949414,
bci_subjects_fixed_split,baseline,baseline_early_fusion_gru_bci_subjects_no_text,Early-fusion GRU,incomplete,selected,matched_events_only,matched_event_delay_seconds,Matched-event alert TTD (seconds),,,,,13;42;73,,,334682,0.99965949414,
bci_subjects_fixed_split,baseline,baseline_early_fusion_gru_bci_subjects_no_text,Early-fusion GRU,incomplete,fixed_0_5,participant_macro,subject_frame_macro_f1,Participant-macro frame Macro-F1,,,,,13;42;73,,,334682,0.99965949414,
bci_subjects_fixed_split,baseline,baseline_early_fusion_gru_bci_subjects_no_text,Early-fusion GRU,incomplete,fixed_0_5,participant_macro,subject_frame_balanced_accuracy,Participant-macro frame Balanced Accuracy,,,,,13;42;73,,,334682,0.99965949414,
bci_subjects_fixed_split,baseline,baseline_early_fusion_gru_bci_subjects_no_text,Early-fusion GRU,incomplete,fixed_0_5,participant_macro,subject_frame_auroc,Participant-macro frame AUROC,,,,,13;42;73,,,334682,0.99965949414,
bci_subjects_fixed_split,baseline,baseline_early_fusion_gru_bci_subjects_no_text,Early-fusion GRU,incomplete,fixed_0_5,participant_macro,subject_frame_average_precision,Participant-macro frame AP,,,,,13;42;73,,,334682,0.99965949414,
bci_subjects_fixed_split,baseline,baseline_early_fusion_gru_bci_subjects_no_text,Early-fusion GRU,incomplete,fixed_0_5,participant_macro,subject_boundary_macro_f1,Participant-macro boundary F1,,,,,13;42;73,,,334682,0.99965949414,
bci_subjects_fixed_split,baseline,baseline_early_fusion_gru_bci_subjects_no_text,Early-fusion GRU,incomplete,fixed_0_5,participant_macro,subject_event_f1_iou_0_5,Participant-macro event F1@0.5,,,,,13;42;73,,,334682,0.99965949414,
bci_subjects_fixed_split,baseline,baseline_early_fusion_gru_bci_subjects_no_text,Early-fusion GRU,incomplete,fixed_0_5,participant_macro,subject_event_map,Participant-macro threshold-free event mAP,,,,,13;42;73,,,334682,0.99965949414,
bci_subjects_fixed_split,baseline,baseline_early_fusion_gru_bci_subjects_no_text,Early-fusion GRU,incomplete,fixed_0_5,pooled_test_steps,pooled_frame_macro_f1,Pooled frame Macro-F1,,,,,13;42;73,,,334682,0.99965949414,
bci_subjects_fixed_split,baseline,baseline_early_fusion_gru_bci_subjects_no_text,Early-fusion GRU,incomplete,fixed_0_5,pooled_test_steps,pooled_frame_balanced_accuracy,Pooled frame Balanced Accuracy,,,,,13;42;73,,,334682,0.99965949414,
bci_subjects_fixed_split,baseline,baseline_early_fusion_gru_bci_subjects_no_text,Early-fusion GRU,incomplete,fixed_0_5,pooled_test_steps,pooled_frame_auroc,Pooled frame AUROC,,,,,13;42;73,,,334682,0.99965949414,
bci_subjects_fixed_split,baseline,baseline_early_fusion_gru_bci_subjects_no_text,Early-fusion GRU,incomplete,fixed_0_5,pooled_test_steps,pooled_frame_average_precision,Pooled frame AP,,,,,13;42;73,,,334682,0.99965949414,
bci_subjects_fixed_split,baseline,baseline_early_fusion_gru_bci_subjects_no_text,Early-fusion GRU,incomplete,fixed_0_5,pooled_test_steps,pooled_boundary_macro_f1,Pooled boundary F1,,,,,13;42;73,,,334682,0.99965949414,
bci_subjects_fixed_split,baseline,baseline_early_fusion_gru_bci_subjects_no_text,Early-fusion GRU,incomplete,fixed_0_5,pooled_test_events,pooled_event_f1_iou_0_5,Pooled event F1@0.5,,,,,13;42;73,,,334682,0.99965949414,
bci_subjects_fixed_split,baseline,baseline_early_fusion_gru_bci_subjects_no_text,Early-fusion GRU,incomplete,fixed_0_5,pooled_test_events,pooled_event_map,Pooled threshold-free event mAP,,,,,13;42;73,,,334682,0.99965949414,
bci_subjects_fixed_split,baseline,baseline_early_fusion_gru_bci_subjects_no_text,Early-fusion GRU,incomplete,fixed_0_5,matched_events_only,matched_event_delay_steps,Matched-event alert TTD (steps),,,,,13;42;73,,,334682,0.99965949414,
bci_subjects_fixed_split,baseline,baseline_early_fusion_gru_bci_subjects_no_text,Early-fusion GRU,incomplete,fixed_0_5,matched_events_only,matched_event_delay_seconds,Matched-event alert TTD (seconds),,,,,13;42;73,,,334682,0.99965949414,
bci_subjects_fixed_split,baseline,baseline_fusion_transformer_bci_subjects_no_text,Fusion Transformer,incomplete,selected,participant_macro,subject_frame_macro_f1,Participant-macro frame Macro-F1,,,,,13;42;73,,,343626,1.0263742697,
bci_subjects_fixed_split,baseline,baseline_fusion_transformer_bci_subjects_no_text,Fusion Transformer,incomplete,selected,participant_macro,subject_frame_balanced_accuracy,Participant-macro frame Balanced Accuracy,,,,,13;42;73,,,343626,1.0263742697,
bci_subjects_fixed_split,baseline,baseline_fusion_transformer_bci_subjects_no_text,Fusion Transformer,incomplete,selected,participant_macro,subject_frame_auroc,Participant-macro frame AUROC,,,,,13;42;73,,,343626,1.0263742697,
bci_subjects_fixed_split,baseline,baseline_fusion_transformer_bci_subjects_no_text,Fusion Transformer,incomplete,selected,participant_macro,subject_frame_average_precision,Participant-macro frame AP,,,,,13;42;73,,,343626,1.0263742697,
bci_subjects_fixed_split,baseline,baseline_fusion_transformer_bci_subjects_no_text,Fusion Transformer,incomplete,selected,participant_macro,subject_boundary_macro_f1,Participant-macro boundary F1,,,,,13;42;73,,,343626,1.0263742697,
bci_subjects_fixed_split,baseline,baseline_fusion_transformer_bci_subjects_no_text,Fusion Transformer,incomplete,selected,participant_macro,subject_event_f1_iou_0_5,Participant-macro event F1@0.5,,,,,13;42;73,,,343626,1.0263742697,
bci_subjects_fixed_split,baseline,baseline_fusion_transformer_bci_subjects_no_text,Fusion Transformer,incomplete,selected,participant_macro,subject_event_map,Participant-macro threshold-free event mAP,,,,,13;42;73,,,343626,1.0263742697,
bci_subjects_fixed_split,baseline,baseline_fusion_transformer_bci_subjects_no_text,Fusion Transformer,incomplete,selected,pooled_test_steps,pooled_frame_macro_f1,Pooled frame Macro-F1,,,,,13;42;73,,,343626,1.0263742697,
bci_subjects_fixed_split,baseline,baseline_fusion_transformer_bci_subjects_no_text,Fusion Transformer,incomplete,selected,pooled_test_steps,pooled_frame_balanced_accuracy,Pooled frame Balanced Accuracy,,,,,13;42;73,,,343626,1.0263742697,
bci_subjects_fixed_split,baseline,baseline_fusion_transformer_bci_subjects_no_text,Fusion Transformer,incomplete,selected,pooled_test_steps,pooled_frame_auroc,Pooled frame AUROC,,,,,13;42;73,,,343626,1.0263742697,
bci_subjects_fixed_split,baseline,baseline_fusion_transformer_bci_subjects_no_text,Fusion Transformer,incomplete,selected,pooled_test_steps,pooled_frame_average_precision,Pooled frame AP,,,,,13;42;73,,,343626,1.0263742697,
bci_subjects_fixed_split,baseline,baseline_fusion_transformer_bci_subjects_no_text,Fusion Transformer,incomplete,selected,pooled_test_steps,pooled_boundary_macro_f1,Pooled boundary F1,,,,,13;42;73,,,343626,1.0263742697,
bci_subjects_fixed_split,baseline,baseline_fusion_transformer_bci_subjects_no_text,Fusion Transformer,incomplete,selected,pooled_test_events,pooled_event_f1_iou_0_5,Pooled event F1@0.5,,,,,13;42;73,,,343626,1.0263742697,
bci_subjects_fixed_split,baseline,baseline_fusion_transformer_bci_subjects_no_text,Fusion Transformer,incomplete,selected,pooled_test_events,pooled_event_map,Pooled threshold-free event mAP,,,,,13;42;73,,,343626,1.0263742697,
bci_subjects_fixed_split,baseline,baseline_fusion_transformer_bci_subjects_no_text,Fusion Transformer,incomplete,selected,matched_events_only,matched_event_delay_steps,Matched-event alert TTD (steps),,,,,13;42;73,,,343626,1.0263742697,
bci_subjects_fixed_split,baseline,baseline_fusion_transformer_bci_subjects_no_text,Fusion Transformer,incomplete,selected,matched_events_only,matched_event_delay_seconds,Matched-event alert TTD (seconds),,,,,13;42;73,,,343626,1.0263742697,
bci_subjects_fixed_split,baseline,baseline_fusion_transformer_bci_subjects_no_text,Fusion Transformer,incomplete,fixed_0_5,participant_macro,subject_frame_macro_f1,Participant-macro frame Macro-F1,,,,,13;42;73,,,343626,1.0263742697,
bci_subjects_fixed_split,baseline,baseline_fusion_transformer_bci_subjects_no_text,Fusion Transformer,incomplete,fixed_0_5,participant_macro,subject_frame_balanced_accuracy,Participant-macro frame Balanced Accuracy,,,,,13;42;73,,,343626,1.0263742697,
bci_subjects_fixed_split,baseline,baseline_fusion_transformer_bci_subjects_no_text,Fusion Transformer,incomplete,fixed_0_5,participant_macro,subject_frame_auroc,Participant-macro frame AUROC,,,,,13;42;73,,,343626,1.0263742697,
bci_subjects_fixed_split,baseline,baseline_fusion_transformer_bci_subjects_no_text,Fusion Transformer,incomplete,fixed_0_5,participant_macro,subject_frame_average_precision,Participant-macro frame AP,,,,,13;42;73,,,343626,1.0263742697,
bci_subjects_fixed_split,baseline,baseline_fusion_transformer_bci_subjects_no_text,Fusion Transformer,incomplete,fixed_0_5,participant_macro,subject_boundary_macro_f1,Participant-macro boundary F1,,,,,13;42;73,,,343626,1.0263742697,
bci_subjects_fixed_split,baseline,baseline_fusion_transformer_bci_subjects_no_text,Fusion Transformer,incomplete,fixed_0_5,participant_macro,subject_event_f1_iou_0_5,Participant-macro event F1@0.5,,,,,13;42;73,,,343626,1.0263742697,
bci_subjects_fixed_split,baseline,baseline_fusion_transformer_bci_subjects_no_text,Fusion Transformer,incomplete,fixed_0_5,participant_macro,subject_event_map,Participant-macro threshold-free event mAP,,,,,13;42;73,,,343626,1.0263742697,
bci_subjects_fixed_split,baseline,baseline_fusion_transformer_bci_subjects_no_text,Fusion Transformer,incomplete,fixed_0_5,pooled_test_steps,pooled_frame_macro_f1,Pooled frame Macro-F1,,,,,13;42;73,,,343626,1.0263742697,
bci_subjects_fixed_split,baseline,baseline_fusion_transformer_bci_subjects_no_text,Fusion Transformer,incomplete,fixed_0_5,pooled_test_steps,pooled_frame_balanced_accuracy,Pooled frame Balanced Accuracy,,,,,13;42;73,,,343626,1.0263742697,
bci_subjects_fixed_split,baseline,baseline_fusion_transformer_bci_subjects_no_text,Fusion Transformer,incomplete,fixed_0_5,pooled_test_steps,pooled_frame_auroc,Pooled frame AUROC,,,,,13;42;73,,,343626,1.0263742697,
bci_subjects_fixed_split,baseline,baseline_fusion_transformer_bci_subjects_no_text,Fusion Transformer,incomplete,fixed_0_5,pooled_test_steps,pooled_frame_average_precision,Pooled frame AP,,,,,13;42;73,,,343626,1.0263742697,
bci_subjects_fixed_split,baseline,baseline_fusion_transformer_bci_subjects_no_text,Fusion Transformer,incomplete,fixed_0_5,pooled_test_steps,pooled_boundary_macro_f1,Pooled boundary F1,,,,,13;42;73,,,343626,1.0263742697,
bci_subjects_fixed_split,baseline,baseline_fusion_transformer_bci_subjects_no_text,Fusion Transformer,incomplete,fixed_0_5,pooled_test_events,pooled_event_f1_iou_0_5,Pooled event F1@0.5,,,,,13;42;73,,,343626,1.0263742697,
bci_subjects_fixed_split,baseline,baseline_fusion_transformer_bci_subjects_no_text,Fusion Transformer,incomplete,fixed_0_5,pooled_test_events,pooled_event_map,Pooled threshold-free event mAP,,,,,13;42;73,,,343626,1.0263742697,
bci_subjects_fixed_split,baseline,baseline_fusion_transformer_bci_subjects_no_text,Fusion Transformer,incomplete,fixed_0_5,matched_events_only,matched_event_delay_steps,Matched-event alert TTD (steps),,,,,13;42;73,,,343626,1.0263742697,
bci_subjects_fixed_split,baseline,baseline_fusion_transformer_bci_subjects_no_text,Fusion Transformer,incomplete,fixed_0_5,matched_events_only,matched_event_delay_seconds,Matched-event alert TTD (seconds),,,,,13;42;73,,,343626,1.0263742697,
bci_subjects_fixed_split,capacity-confounded ablation,ablation_no_recurrent_fusion_bci_subjects_no_text,EPT-Net w/o recurrent fusion update,incomplete,selected,participant_macro,subject_frame_macro_f1,Participant-macro frame Macro-F1,,,,,13;42;73,,,276428,0.825660999534,
bci_subjects_fixed_split,capacity-confounded ablation,ablation_no_recurrent_fusion_bci_subjects_no_text,EPT-Net w/o recurrent fusion update,incomplete,selected,participant_macro,subject_frame_balanced_accuracy,Participant-macro frame Balanced Accuracy,,,,,13;42;73,,,276428,0.825660999534,
bci_subjects_fixed_split,capacity-confounded ablation,ablation_no_recurrent_fusion_bci_subjects_no_text,EPT-Net w/o recurrent fusion update,incomplete,selected,participant_macro,subject_frame_auroc,Participant-macro frame AUROC,,,,,13;42;73,,,276428,0.825660999534,
bci_subjects_fixed_split,capacity-confounded ablation,ablation_no_recurrent_fusion_bci_subjects_no_text,EPT-Net w/o recurrent fusion update,incomplete,selected,participant_macro,subject_frame_average_precision,Participant-macro frame AP,,,,,13;42;73,,,276428,0.825660999534,
bci_subjects_fixed_split,capacity-confounded ablation,ablation_no_recurrent_fusion_bci_subjects_no_text,EPT-Net w/o recurrent fusion update,incomplete,selected,participant_macro,subject_boundary_macro_f1,Participant-macro boundary F1,,,,,13;42;73,,,276428,0.825660999534,
bci_subjects_fixed_split,capacity-confounded ablation,ablation_no_recurrent_fusion_bci_subjects_no_text,EPT-Net w/o recurrent fusion update,incomplete,selected,participant_macro,subject_event_f1_iou_0_5,Participant-macro event F1@0.5,,,,,13;42;73,,,276428,0.825660999534,
bci_subjects_fixed_split,capacity-confounded ablation,ablation_no_recurrent_fusion_bci_subjects_no_text,EPT-Net w/o recurrent fusion update,incomplete,selected,participant_macro,subject_event_map,Participant-macro threshold-free event mAP,,,,,13;42;73,,,276428,0.825660999534,
bci_subjects_fixed_split,capacity-confounded ablation,ablation_no_recurrent_fusion_bci_subjects_no_text,EPT-Net w/o recurrent fusion update,incomplete,selected,pooled_test_steps,pooled_frame_macro_f1,Pooled frame Macro-F1,,,,,13;42;73,,,276428,0.825660999534,
bci_subjects_fixed_split,capacity-confounded ablation,ablation_no_recurrent_fusion_bci_subjects_no_text,EPT-Net w/o recurrent fusion update,incomplete,selected,pooled_test_steps,pooled_frame_balanced_accuracy,Pooled frame Balanced Accuracy,,,,,13;42;73,,,276428,0.825660999534,
bci_subjects_fixed_split,capacity-confounded ablation,ablation_no_recurrent_fusion_bci_subjects_no_text,EPT-Net w/o recurrent fusion update,incomplete,selected,pooled_test_steps,pooled_frame_auroc,Pooled frame AUROC,,,,,13;42;73,,,276428,0.825660999534,
bci_subjects_fixed_split,capacity-confounded ablation,ablation_no_recurrent_fusion_bci_subjects_no_text,EPT-Net w/o recurrent fusion update,incomplete,selected,pooled_test_steps,pooled_frame_average_precision,Pooled frame AP,,,,,13;42;73,,,276428,0.825660999534,
bci_subjects_fixed_split,capacity-confounded ablation,ablation_no_recurrent_fusion_bci_subjects_no_text,EPT-Net w/o recurrent fusion update,incomplete,selected,pooled_test_steps,pooled_boundary_macro_f1,Pooled boundary F1,,,,,13;42;73,,,276428,0.825660999534,
bci_subjects_fixed_split,capacity-confounded ablation,ablation_no_recurrent_fusion_bci_subjects_no_text,EPT-Net w/o recurrent fusion update,incomplete,selected,pooled_test_events,pooled_event_f1_iou_0_5,Pooled event F1@0.5,,,,,13;42;73,,,276428,0.825660999534,
bci_subjects_fixed_split,capacity-confounded ablation,ablation_no_recurrent_fusion_bci_subjects_no_text,EPT-Net w/o recurrent fusion update,incomplete,selected,pooled_test_events,pooled_event_map,Pooled threshold-free event mAP,,,,,13;42;73,,,276428,0.825660999534,
bci_subjects_fixed_split,capacity-confounded ablation,ablation_no_recurrent_fusion_bci_subjects_no_text,EPT-Net w/o recurrent fusion update,incomplete,selected,matched_events_only,matched_event_delay_steps,Matched-event alert TTD (steps),,,,,13;42;73,,,276428,0.825660999534,
bci_subjects_fixed_split,capacity-confounded ablation,ablation_no_recurrent_fusion_bci_subjects_no_text,EPT-Net w/o recurrent fusion update,incomplete,selected,matched_events_only,matched_event_delay_seconds,Matched-event alert TTD (seconds),,,,,13;42;73,,,276428,0.825660999534,
bci_subjects_fixed_split,capacity-confounded ablation,ablation_no_recurrent_fusion_bci_subjects_no_text,EPT-Net w/o recurrent fusion update,incomplete,fixed_0_5,participant_macro,subject_frame_macro_f1,Participant-macro frame Macro-F1,,,,,13;42;73,,,276428,0.825660999534,
bci_subjects_fixed_split,capacity-confounded ablation,ablation_no_recurrent_fusion_bci_subjects_no_text,EPT-Net w/o recurrent fusion update,incomplete,fixed_0_5,participant_macro,subject_frame_balanced_accuracy,Participant-macro frame Balanced Accuracy,,,,,13;42;73,,,276428,0.825660999534,
bci_subjects_fixed_split,capacity-confounded ablation,ablation_no_recurrent_fusion_bci_subjects_no_text,EPT-Net w/o recurrent fusion update,incomplete,fixed_0_5,participant_macro,subject_frame_auroc,Participant-macro frame AUROC,,,,,13;42;73,,,276428,0.825660999534,
bci_subjects_fixed_split,capacity-confounded ablation,ablation_no_recurrent_fusion_bci_subjects_no_text,EPT-Net w/o recurrent fusion update,incomplete,fixed_0_5,participant_macro,subject_frame_average_precision,Participant-macro frame AP,,,,,13;42;73,,,276428,0.825660999534,
bci_subjects_fixed_split,capacity-confounded ablation,ablation_no_recurrent_fusion_bci_subjects_no_text,EPT-Net w/o recurrent fusion update,incomplete,fixed_0_5,participant_macro,subject_boundary_macro_f1,Participant-macro boundary F1,,,,,13;42;73,,,276428,0.825660999534,
bci_subjects_fixed_split,capacity-confounded ablation,ablation_no_recurrent_fusion_bci_subjects_no_text,EPT-Net w/o recurrent fusion update,incomplete,fixed_0_5,participant_macro,subject_event_f1_iou_0_5,Participant-macro event F1@0.5,,,,,13;42;73,,,276428,0.825660999534,
bci_subjects_fixed_split,capacity-confounded ablation,ablation_no_recurrent_fusion_bci_subjects_no_text,EPT-Net w/o recurrent fusion update,incomplete,fixed_0_5,participant_macro,subject_event_map,Participant-macro threshold-free event mAP,,,,,13;42;73,,,276428,0.825660999534,
bci_subjects_fixed_split,capacity-confounded ablation,ablation_no_recurrent_fusion_bci_subjects_no_text,EPT-Net w/o recurrent fusion update,incomplete,fixed_0_5,pooled_test_steps,pooled_frame_macro_f1,Pooled frame Macro-F1,,,,,13;42;73,,,276428,0.825660999534,
bci_subjects_fixed_split,capacity-confounded ablation,ablation_no_recurrent_fusion_bci_subjects_no_text,EPT-Net w/o recurrent fusion update,incomplete,fixed_0_5,pooled_test_steps,pooled_frame_balanced_accuracy,Pooled frame Balanced Accuracy,,,,,13;42;73,,,276428,0.825660999534,
bci_subjects_fixed_split,capacity-confounded ablation,ablation_no_recurrent_fusion_bci_subjects_no_text,EPT-Net w/o recurrent fusion update,incomplete,fixed_0_5,pooled_test_steps,pooled_frame_auroc,Pooled frame AUROC,,,,,13;42;73,,,276428,0.825660999534,
bci_subjects_fixed_split,capacity-confounded ablation,ablation_no_recurrent_fusion_bci_subjects_no_text,EPT-Net w/o recurrent fusion update,incomplete,fixed_0_5,pooled_test_steps,pooled_frame_average_precision,Pooled frame AP,,,,,13;42;73,,,276428,0.825660999534,
bci_subjects_fixed_split,capacity-confounded ablation,ablation_no_recurrent_fusion_bci_subjects_no_text,EPT-Net w/o recurrent fusion update,incomplete,fixed_0_5,pooled_test_steps,pooled_boundary_macro_f1,Pooled boundary F1,,,,,13;42;73,,,276428,0.825660999534,
bci_subjects_fixed_split,capacity-confounded ablation,ablation_no_recurrent_fusion_bci_subjects_no_text,EPT-Net w/o recurrent fusion update,incomplete,fixed_0_5,pooled_test_events,pooled_event_f1_iou_0_5,Pooled event F1@0.5,,,,,13;42;73,,,276428,0.825660999534,
bci_subjects_fixed_split,capacity-confounded ablation,ablation_no_recurrent_fusion_bci_subjects_no_text,EPT-Net w/o recurrent fusion update,incomplete,fixed_0_5,pooled_test_events,pooled_event_map,Pooled threshold-free event mAP,,,,,13;42;73,,,276428,0.825660999534,
bci_subjects_fixed_split,capacity-confounded ablation,ablation_no_recurrent_fusion_bci_subjects_no_text,EPT-Net w/o recurrent fusion update,incomplete,fixed_0_5,matched_events_only,matched_event_delay_steps,Matched-event alert TTD (steps),,,,,13;42;73,,,276428,0.825660999534,
bci_subjects_fixed_split,capacity-confounded ablation,ablation_no_recurrent_fusion_bci_subjects_no_text,EPT-Net w/o recurrent fusion update,incomplete,fixed_0_5,matched_events_only,matched_event_delay_seconds,Matched-event alert TTD (seconds),,,,,13;42;73,,,276428,0.825660999534,
